"BM","Dataset","centroid"
"c1ccc(C2CC2)cc1","Preclinic & Market","True"
"c1ccc(C2(Nc3ncccn3)CC2)cc1","Preclinic & Market","True"
"O=C(NC1CCCCC1)C1(c2ccccc2)CC1","Preclinic & Market","True"
"O=C(Nc1ccccc1)C1CC1","Preclinic & Market","True"
"O=C(NCC1(Sc2ccccc2)CC1)c1ccc(=O)[nH]n1","Preclinic & Market","True"
"O=C(Nc1cccnc1)N(Cc1ccco1)C1CC1","Preclinic & Market","True"
"O=C(c1ccc2ccccc2c1)N(Cc1ccccc1)C1CC1","Preclinic & Market","True"
"O=C(N[C@H](c1ncccn1)C1CC1)c1cncs1","Preclinic & Market","True"
"c1ccc2[nH]c(C3CC3c3ccc4c(c3)OCO4)nc2c1","Preclinic & Market","True"
"c1ccc(CNCC[C@H]2C[C@@H]2c2c[nH]cn2)cc1","Preclinic & Market","True"
"c1csc(CC2CC2)n1","Preclinic & Market","True"
"c1ccc([C@H]2C[C@@H]2c2cncs2)cc1","Preclinic & Market","True"
"O=c1oc2ccccc2n1CN(Cc1ccccc1)C1CC1","Preclinic & Market","True"
"O=S(=O)(N/N=C/C1(c2ccccc2)CC1)c1ccccc1","Preclinic & Market","True"
"c1ccc2c(CCCC3CC3)c[nH]c2c1","Preclinic & Market","True"
"c1cn(CC2(CNCC3CCCN4CCCC[C@H]34)CC2)cn1","Preclinic & Market","True"
"N=C(Nc1ccccn1)N[C@@H]1C[C@@H]1c1ccccc1","Preclinic & Market","True"
"O=S(=O)(c1ccccc1)[C@H]1CC1(c1ccccc1)c1ccccc1","Preclinic & Market","True"
"O=S(=O)(c1ccccc1)N(CCc1cc[nH]n1)C1CC1","Preclinic & Market","True"
"O=c1ccc(OC[C@H]2C[C@@H]2c2cc[nH]n2)n[nH]1","Preclinic & Market","True"
"O=C(Nc1nc(-c2ccccn2)cs1)C1CC1c1ccccc1","Preclinic & Market","True"
"O=C(N[C@H]1C[C@@H]1NC(=O)OCc1ccccc1)OCc1ccccc1","Preclinic & Market","True"
"O=C(NCCNC1CC1)Nc1nncs1","Preclinic & Market","True"
"c1ccc(C2CC2C2=NCCc3ccccc3N2)cc1","Preclinic & Market","True"
"O=C(CCc1cccs1)NC1CC1","Preclinic & Market","True"
"c1nc([C@@H]2C[C@H]2c2cc3n(n2)CCCC3)cc(-n2cncn2)n1","Preclinic & Market","True"
"c1ccc2c(c1)Oc1ccccc1C2CCC1CC1","Preclinic & Market","True"
"c1ccc(-c2c[nH]c(C3CC3c3nc4cnccn4n3)n2)cc1","Preclinic & Market","True"
"O=S1(=O)Cn2cncc2CN1C1(c2ccccc2)CC1","Preclinic & Market","True"
"c1ccc(C2=NCCc3ccc(C4CC4c4ccc5ccccc5c4)cc32)cc1","Preclinic & Market","True"
"c1cnc(N2CCC([C@H]3C[C@H]3CCOc3ccc(-n4ccnn4)cc3)CC2)nc1","Preclinic & Market","True"
"O=C(c1cc2ccccc2s1)[C@@H]1C[C@H]1CN(Cc1ccccn1)Cc1ccccn1","Preclinic & Market","True"
"O=C(N[C@H](C(=O)c1nc2ccccc2o1)C1CC1)O[C@@H](CC1CCCCC1)C(=O)N1CCOCC1","Preclinic & Market","True"
"O=C(Nc1ccc(-c2ccn[nH]2)cc1)C1(C(=O)Nc2ccc(-c3cccc4oncc34)cc2)CC1","Preclinic & Market","True"
"O=S1(=O)C(c2ccccc2)=C1c1ccccc1","Preclinic & Market","True"
"O=C(c1ccccc1)C1SC1c1ccccc1","Preclinic & Market","True"
"c1ccc(OCCSC2=NN2c2ccncn2)cc1","Preclinic & Market","True"
"O=C1N(CCc2ccccc2)N1CCc1ccccc1","Preclinic & Market","True"
"c1ccc(CN2C[C@@H]2Cn2cnc3cncnc32)cc1","Preclinic & Market","True"
"c1ccc2ncc(CN3C[C@@H]3COc3ccn[nH]3)cc2c1","Preclinic & Market","True"
"c1ccc(C2ON2CCCCN2OC2c2ccccc2)cc1","Preclinic & Market","True"
"O=c1c(NCc2nccs2)c(Nc2ccncc2)c1=O","Preclinic & Market","True"
"O=c1cc(-c2ccccc2)c1=O","Preclinic & Market","True"
"O=c1cc(-c2ccccc2)/c1=N/CCc1ccccc1","Preclinic & Market","True"
"O=c1cc(Nc2ccccc2)/c1=N/c1ccccc1","Preclinic & Market","True"
"N=c1cc/c1=N\Cc1ccccc1","Preclinic & Market","True"
"N=c1cc/c1=N\c1ccc2c[nH]nc2c1","Preclinic & Market","True"
"O=c1cc(C2(c3ccccc3)SCCCS2)c1=O","Preclinic & Market","True"
"C=C1CC(c2ccccc2)=C1c1ccccc1","Preclinic & Market","True"
"c1cc(=N\C2CCCCC2)/c1=N/CC1CCCCC1","Preclinic & Market","True"
"O=c1c(NC[C@H]2CCCO2)c(N2CCNCC2)c1=O","Preclinic & Market","True"
"O=C1C(/C=C2/Cc3ccccc3N2)=C/C1=C\C1=Nc2ccccc2C1","Preclinic & Market","True"
"O=c1c(/C=C2/Nc3ccccc3S2)c(NN=C(c2ccccn2)c2ccccn2)c1=O","Preclinic & Market","True"
"c1ccc(OC2CCC2)nc1","Preclinic & Market","True"
"c1cc(NCC2CCC2)ncn1","Preclinic & Market","True"
"c1cc(C[C@H]2C[C@@H](N(CC3CC3)CC3CC3)C2)no1","Preclinic & Market","True"
"O=C1C/C(=C/c2ccccc2)C1=O","Preclinic & Market","True"
"O=C(N[C@H]1C[C@H](Oc2ccccc2)C1)c1cnccn1","Preclinic & Market","True"
"c1cncc(-c2nccnc2O[C@H]2C[C@@H](Nc3ccc4ccccc4n3)C2)c1","Preclinic & Market","True"
"O=C(c1ccco1)C1C(C(=O)c2ccco2)C(c2ccccc2)C1c1ccccc1","Preclinic & Market","True"
"C(#C[C@@H]1CC[C@H]1C#Cc1ccc(-c2cccs2)s1)c1ccc(-c2cccs2)s1","Preclinic & Market","True"
"c1ccc2c(c1)c1ccccc1n2CCCNC1CCC1","Preclinic & Market","True"
"O=C(CNc1ncnc2ccccc12)N[C@H]1C[C@@H](N2CCC(c3cncs3)CC2)C1","Preclinic & Market","True"
"O=c1ncccn1[C@H]1CCS1","Preclinic & Market","True"
"O=C(Nc1ccccc1)N1N=C(c2ccccc2)[C@H]1c1ccccc1","Preclinic & Market","True"
"O=C1NNC1c1ccsc1","Preclinic & Market","True"
"c1cnn(C2CN(Cc3nc(-c4ccsc4)no3)C2)c1","Preclinic & Market","True"
"O=C(CCn1cnnn1)N1CC(Oc2ccccc2)C1","Preclinic & Market","True"
"C1=Cc2ccccc2N(C2CNC2)c2ccccc21","Preclinic & Market","True"
"O=C(Nc1cccs1)C1CCN1","Preclinic & Market","True"
"O=C(N1CCCCC1)N1CC(OCc2cccnc2)C1","Preclinic & Market","True"
"c1ccc2c(c1)CSc1ccccc1[C@H]2N1CCC1","Preclinic & Market","True"
"O=C1[C@@H](Oc2ccccc2)[C@@H](c2ccncc2)N1c1ccncc1","Preclinic & Market","True"
"O=C1C[C@H](Sc2cccs2)N1C(=O)NCc1ccccc1","Preclinic & Market","True"
"O=C(CSc1ccccc1)N1CCC1","Preclinic & Market","True"
"O=C1CC(Oc2ccccc2)N1","Preclinic & Market","True"
"O=C(c1cccs1)N1CC(S(=O)(=O)C2CCCCC2)C1","Preclinic & Market","True"
"O=C1CCN1OS(=O)(=O)c1ccccc1","Preclinic & Market","True"
"c1ccc2[nH]c(C3CN(c4cc(-c5ncco5)ncn4)C3)nc2c1","Preclinic & Market","True"
"O=C(NN1C(=O)C/C1=C/c1ccco1)c1ccccc1","Preclinic & Market","True"
"c1ccc(-c2ccccc2C2CNC2)cc1","Preclinic & Market","True"
"O=C(OC1CN(c2ccccn2)C1)N1CCNCC1","Preclinic & Market","True"
"O=C(N[C@H]1CN(Oc2ccccc2)C1=O)OCCCCC1CCCCC1","Preclinic & Market","True"
"c1ccc(-c2nnc(N3CC(c4ccccc4)C3)s2)cc1","Preclinic & Market","True"
"c1ccc(C2CN(c3cnc(OC4CCC4)nc3)C2)cc1","Preclinic & Market","True"
"O=C(OCc1ccccc1)N1CC(Oc2nccnc2C2=CCNCC2)C1","Preclinic & Market","True"
"O=C(NS(=O)(=O)Cc1ccccc1)C1CCN1C(=O)CC1CCCC1","Preclinic & Market","True"
"O=C1C(c2ccccc2)ON1c1ccccc1","Preclinic & Market","True"
"O=C(N/N=C1/C=CCC1)c1ccc2c(c1)OCO2","Preclinic & Market","True"
"C1=C(NN(c2ccccc2)c2ccccc2)CCC1","Preclinic & Market","True"
"C(=C1/CCC(/C=N/Nc2ncccn2)=C1N1CCOCC1)\c1ccccc1","Preclinic & Market","True"
"C1=CC(=NNc2ccccc2)C=C1","Preclinic & Market","True"
"O=C(O/N=C1/CCC/C1=C\c1ccccc1)c1ccccc1","Preclinic & Market","True"
"O=C(NCc1ncn[nH]1)C1(Nc2ccccc2)CCCC1","Preclinic & Market","True"
"C(=C1\CCCC1Cn1cncn1)\c1ccccc1","Preclinic & Market","True"
"O=C(Nc1c[nH]nn1)C1CCCC1","Preclinic & Market","True"
"c1ccc(C2(c3nnc4n3CCCCCC4)CCCC2)cc1","Preclinic & Market","True"
"O=S(=O)(NC1CCC(c2ncc3cnc4[nH]ccc4n23)C1)C1CC1","Preclinic & Market","True"
"O=C1C[C@@H](NC(=O)Oc2ccccc2)[C@H](Sc2ccc3ccccc3c2)C1","Preclinic & Market","True"
"O=C(N[C@H]1CCC[C@@H]1Nc1cnccn1)c1ccccc1-n1nccn1","Preclinic & Market","True"
"c1ccc(CO[C@H]2CCC[C@@H]2c2ccccc2)cc1","Preclinic & Market","True"
"O=C1CC/C(=C\C#Cc2ccccc2)C1Cc1ccccc1","Preclinic & Market","True"
"O=C(NCc1ccccc1)[C@@H]1CCC[C@H]1C1=NC(c2ccccc2)CO1","Preclinic & Market","True"
"O=c1c2ccccc2nnn1C[C@@H]1CC[C@H](S(=O)(=O)c2ccc(-c3ccccc3)cc2)C1","Preclinic & Market","True"
"O=C(Nc1ccccc1)c1csc(=S)s1","Preclinic & Market","True"
"O=C(c1ccccc1)c1sc(=S)sc1SCc1ccccc1","Preclinic & Market","True"
"C(#Cc1ccccc1)SC1=C(c2ccccc2)S/C(=C(\SC#Cc2ccccc2)c2ccccc2)S1","Preclinic & Market","True"
"S=c1ssc(-c2cnccn2)c1CCc1ccccc1","Preclinic & Market","True"
"O=c1ssc(-c2ccccc2)c1-c1ccccc1","Preclinic & Market","True"
"N=C1SC(=N\c2ccccc2)/C(=N/c2ccccc2)S1","Preclinic & Market","True"
"c1ccc(-c2cccs2)cc1","Preclinic & Market","True"
"c1ccsc1","Preclinic & Market","True"
"c1csc(-n2ccc3ccccc32)c1","Preclinic & Market","True"
"c1ccc(-c2csc(Cn3ccnc3)c2)cc1","Preclinic & Market","True"
"C(=N/c1ccccc1)\c1cccs1","Preclinic & Market","True"
"O=S(=O)(Nc1ccccc1)c1ccsc1","Preclinic & Market","True"
"O=C(NS(=O)(=O)c1cccs1)c1ccccc1","Preclinic & Market","True"
"c1ccc(Sc2cccs2)cc1","Preclinic & Market","True"
"O=C(NN=Cc1ccsc1)c1ccco1","Preclinic & Market","True"
"O=S(=O)(Cc1ccon1)NCCc1ccsc1","Preclinic & Market","True"
"O=c1[nH]nc(Cc2cccs2)c2c1CCCC2","Preclinic & Market","True"
"O=C(Nc1cnc2n1CCCC2)c1cccs1","Preclinic & Market","True"
"O=C(Nc1ccsc1)c1cn[nH]c1","Preclinic & Market","True"
"O=C(CCn1cccn1)NCc1ccsc1","Preclinic & Market","True"
"c1c[nH]c(-c2cc(CN3CCCCC3)cs2)n1","Preclinic & Market","True"
"c1ccc(Cc2ccsc2)cc1","Preclinic & Market","True"
"c1csc(-c2ccc(-c3ccc4ccccc4n3)s2)c1","Preclinic & Market","True"
"c1csc(CNCc2cccs2)c1","Preclinic & Market","True"
"c1csc(-c2ccnc3c2CCCC3)c1","Preclinic & Market","True"
"c1ccc2sc(-c3ccsc3)nc2c1","Preclinic & Market","True"
"c1ccc(CCOc2csc(-n3nccn3)c2)cc1","Preclinic & Market","True"
"c1ccc(CSc2cccs2)cc1","Preclinic & Market","True"
"C=C(c1cccnc1)c1cccs1","Preclinic & Market","True"
"O=C1NC(=S)N/C1=C/c1ccc(-c2cccnc2)s1","Preclinic & Market","True"
"O=C(Nc1sccc1C(=O)N1CCOCC1)c1cccnc1","Preclinic & Market","True"
"N=C(CSc1ccncc1)c1ccsc1","Preclinic & Market","True"
"c1ccc(COc2csc(N3CCOCC3)c2)cc1","Preclinic & Market","True"
"c1csc(N2CCSc3ncccc32)c1","Preclinic & Market","True"
"O=C(Nc1ccsc1)C1=COCCS1","Preclinic & Market","True"
"c1cc(C2OCCO2)cs1","Preclinic & Market","True"
"O=C(Nc1ccsc1-c1ccccc1)OC12CCN(CC1)CC2","Preclinic & Market","True"
"O=S(=O)(Oc1ccccc1)c1ccc(-c2ccon2)s1","Preclinic & Market","True"
"c1ccc2c(/N=N/c3ccsc3)cccc2c1","Preclinic & Market","True"
"c1csc(OCCOc2ccc3ccccc3c2)c1","Preclinic & Market","True"
"c1csc(Cc2noc(-c3cccs3)n2)c1","Preclinic & Market","True"
"c1csc([C@H](CNCc2cccc3c2OCO3)N2CCOCC2)c1","Preclinic & Market","True"
"O=C(NCc1ncon1)c1ccsc1","Preclinic & Market","True"
"O=c1nc2[nH]nc(-c3cc(-c4ccccc4)cs3)nc-2c(=O)[nH]1","Preclinic & Market","True"
"O=C(Nc1ccccc1)Nc1cc(-c2ccccc2)cs1","Preclinic & Market","True"
"c1csc(-c2nnco2)c1","Preclinic & Market","True"
"C1=C(c2ccsc2)c2ccccc2OC12CCNCC2","Preclinic & Market","True"
"c1ccc(N/N=C(/Cn2ccnc2)c2cccs2)cc1","Preclinic & Market","True"
"O=c1ccccn1CS(=O)(=O)c1ccc(Oc2ccccc2)s1","Preclinic & Market","True"
"O=C(c1ccccc1)c1csc(-c2cnoc2)c1","Preclinic & Market","True"
"O=C(c1cc2ccccc2o1)c1ccc(Nc2ccccc2)s1","Preclinic & Market","True"
"C1=C(c2ccccc2)C(c2ccccc2)=CS1(c1ccccc1)c1ccccc1","Preclinic & Market","True"
"N=c1c2cnn(-c3ccccc3)c2ncn1-c1ccc(-c2ccccc2)s1","Preclinic & Market","True"
"O=C1CCCC2=C1[C@H](c1cc(COc3ccccc3)cs1)C=CO2","Preclinic & Market","True"
"O=C(/C(=C\c1cccs1)S(=O)(=O)Cc1ccccc1)c1ccccc1","Preclinic & Market","True"
"O=c1ccnc([C@H](Cc2cscc2-c2cn[nH]c2)NC2=NCCc3ccccc32)[nH]1","Preclinic & Market","True"
"O=S(=O)(Cc1ccccc1)Nc1cccc(-c2sccc2-c2ccccc2OCc2ccccc2)c1","Preclinic & Market","True"
"O=C1CSC(Nc2ccccc2)=C1C(=O)NC1CC1","Preclinic & Market","True"
"O=C1C=CSC1/C=C/C=N/OCc1ccccc1","Preclinic & Market","True"
"O=C(Nc1ccccc1)N(c1ccccc1)[C@@H]1C=CS(=O)(=O)C1","Preclinic & Market","True"
"O=C(NC1SC=CC1C(=O)Nc1ccccc1)c1ccccc1","Preclinic & Market","True"
"O=S1(=O)CC=C(S(=O)(=O)c2ccccc2)C1","Preclinic & Market","True"
"O=C(NCc1cn[nH]c1)NC[C@H]1CCS(=O)(=O)C1","Preclinic & Market","True"
"S=C(Nc1ccccc1)[C@]1(c2ccccn2)CCCS1","Preclinic & Market","True"
"O=S1(=O)CC[C@H](NS(=O)(=O)/C=C/c2ccccc2)C1","Preclinic & Market","True"
"C=C1CSC/C1=N\c1ccccc1","Preclinic & Market","True"
"O=C(CSc1nccs1)N[C@H]1CCS(=O)(=O)C1","Preclinic & Market","True"
"O=C1C/C(=N\c2ccccc2)S[C@H]1Cc1ccccc1","Preclinic & Market","True"
"O=c1oc(-c2ccccc2)c(-c2ccccc2)o1","Preclinic & Market","True"
"c1ccc2c(c1)Cc1cc(C3(CCn4ccnc4)OCCO3)ccc1-2","Preclinic & Market","True"
"N=C1NC(=O)/C(=C/c2ccc(-c3ccccc3)o2)S1","Preclinic & Market","True"
"O=S(=O)(c1ccccc1)c1ccoc1","Preclinic & Market","True"
"C(=N/c1ccc(-c2ccccc2)o1)\c1ccccc1","Preclinic & Market","True"
"c1ccoc1","Preclinic & Market","True"
"c1ccc(Oc2ccco2)cc1","Preclinic & Market","True"
"N=C(Nc1ccc(NC(=N)c2ccccc2)o1)c1ccccc1","Preclinic & Market","True"
"O=S(=O)(NCc1ccccn1)c1ccc(-c2ccno2)o1","Preclinic & Market","True"
"C(=Cc1ccco1)c1nc2ccccc2[nH]1","Preclinic & Market","True"
"c1ccc(-c2ccc(-c3ccccn3)o2)nc1","Preclinic & Market","True"
"c1coc(CSCc2ccco2)c1","Preclinic & Market","True"
"c1coc(COc2cccc3ccccc23)c1","Preclinic & Market","True"
"O=C(C=Cc1ccc(Cc2ccccc2)o1)c1cc[nH]c1","Preclinic & Market","True"
"O=C(Nc1ccc2c(c1)OCCO2)c1ccoc1","Preclinic & Market","True"
"O=C(Cc1ccco1)NCc1ccccc1","Preclinic & Market","True"
"C1=C(c2occc2-c2ccccc2)C2CCN1CC2","Preclinic & Market","True"
"c1cc(NCc2ccoc2)n2nccc2n1","Preclinic & Market","True"
"O=C(C=CCCCc1ccoc1)C=CCCCc1ccoc1","Preclinic & Market","True"
"C(=N/N=c1/[nH]ccs1)\c1ccco1","Preclinic & Market","True"
"O=C(Nc1ccccc1)Nc1ccoc1","Preclinic & Market","True"
"c1cc(CN2CCOCC2)co1","Preclinic & Market","True"
"C(=N/c1ccccc1)\c1ccc(N2CCOCC2)o1","Preclinic & Market","True"
"O=C(c1ccc(Cn2ccnc2)o1)N1Cc2cncnc2C1","Preclinic & Market","True"
"c1coc(Cn2cccn2)c1","Preclinic & Market","True"
"c1coc(CNCc2nnc[nH]2)c1","Preclinic & Market","True"
"O=C(Nc1ccccc1)c1ccc(S(=O)(=O)c2ccccc2)o1","Preclinic & Market","True"
"O=C(Sc1nnc[nH]1)c1ccc(C#Cc2ccccc2)o1","Preclinic & Market","True"
"c1ccc(-c2cc(-c3nn4cnnc4s3)co2)cc1","Preclinic & Market","True"
"O=C1Nc2ccccc2NC1C1OC(c2ccccc2)=CC1=O","Preclinic & Market","True"
"O=C1C=C(C=CCOC(=O)NCc2ccccc2)OC1","Preclinic & Market","True"
"C1=C/C(=N/Cc2ccccc2)CO1","Preclinic & Market","True"
"O=C1C(C=NCCc2ccccc2)=CO[C@@H]1c1ccccc1","Preclinic & Market","True"
"C1=C(c2cc3ccccc3o2)OC(c2ccccc2)C1c1ccccc1","Preclinic & Market","True"
"C=C1C=CC(c2ccccc2)O1","Preclinic & Market","True"
"N=C1OC(=Cc2ccccc2)C=C1c1ccccc1","Preclinic & Market","True"
"c1ccc2c(c1)=NC(=c1ccc(=c3ccc(=c4ccc(=C5N=c6ccccc6=N5)cc4)o3)cc1)N=2","Preclinic & Market","True"
"O=C(NCc1nccs1)N[C@H]1CCOC1","Preclinic & Market","True"
"O=C1C/C(=N/C2CCCCCC2)O/C1=C\c1c[nH]c2ncccc12","Preclinic & Market","True"
"c1ccc(CN[C@@H]2COC[C@H]2Cc2ccno2)cc1","Preclinic & Market","True"
"c1cn(CC[C@@H]2CCCO2)nn1","Preclinic & Market","True"
"O=S1(=O)C=C(NCc2ccccc2)C(Cc2ccccc2)O1","Preclinic & Market","True"
"c1ccc([C@]2(C3CCCCC3)OCCS2)cc1","Preclinic & Market","True"
"O=C(Cn1nnc(-c2cccs2)n1)c1ccccc1","Preclinic & Market","True"
"C1N=NC(Cc2nnn(C34CC5CC(CC(C5)C3)C4)n2)=N1","Preclinic & Market","True"
"c1ccc(-n2nnc(-c3cccnc3)n2)cc1","Preclinic & Market","True"
"O=C(Cc1ccccc1)NC(=S)Nc1nn[nH]n1","Preclinic & Market","True"
"O=C(CCCCCCc1ccccc1)c1nnn(-c2ccco2)n1","Preclinic & Market","True"
"O=C(Nc1nnn(Cc2cnoc2)n1)c1ccccc1","Preclinic & Market","True"
"c1ccc(COCCc2nn[nH]n2)cc1","Preclinic & Market","True"
"O=c1cc(Cn2nnc(-c3ccccc3)n2)nc2sccn12","Preclinic & Market","True"
"c1ccn(-c2nnn(CCCCCCCn3nnc(-n4cccc4)n3)n2)c1","Preclinic & Market","True"
"O=C(Nc1ccccc1-c1nn[nH]n1)c1cnccn1","Preclinic & Market","True"
"O=C(NCCCCc1ccccc1)n1nnc(Cc2ccc(-c3ccccc3)cc2)n1","Preclinic & Market","True"
"O=S(=O)(Cc1ccccc1)c1nnnn1-c1ccccc1","Preclinic & Market","True"
"c1ccc(Cn2nnnc2CN2CCCCCC2)cc1","Preclinic & Market","True"
"O=S(=O)(CCCc1ccccc1)Cc1nnnn1C1CC1","Preclinic & Market","True"
"C(=N/n1nnnc1Nc1ccccc1)\c1ccccc1","Preclinic & Market","True"
"O=C(CSc1nnnn1C1CCCC1)Nc1ccon1","Preclinic & Market","True"
"O=C1CCC(c2nnnn2-c2ccccc2)N1C1CC1","Preclinic & Market","True"
"O=C(CSc1nnn[nH]1)NC(=O)NC1CCCCC1","Preclinic & Market","True"
"O=S(=O)(Cn1nnnc1-c1ccccc1)c1ccccc1","Preclinic & Market","True"
"c1ccc(CN[C@H](c2ccncc2)c2nnn[nH]2)cc1","Preclinic & Market","True"
"c1ccc(C(CSc2nnn[nH]2)Cn2ccnc2)cc1","Preclinic & Market","True"
"c1ccc(C2=NN(c3ccccc3)N(c3ccccc3)N2)cc1","Preclinic & Market","True"
"O=C(NC1=NNNN1)Nc1ccccc1","Preclinic & Market","True"
"C1=NC(c2cccc(-c3cccnc3)c2)N=C1c1ccccc1","Preclinic & Market","True"
"O=C1N=C(N2CCOCC2)CN1Cc1ccccc1","Preclinic & Market","True"
"O=c1[nH]cc(-c2ccccc2)n1-c1ccccc1","Preclinic & Market","True"
"N=c1[nH]c(Cc2ccccc2)cn1Cc1ccccc1","Preclinic & Market","True"
"O=c1[nH]ccn1S(=O)(=O)c1ccccc1","Preclinic & Market","True"
"C1=CC([C@H]2NC=CN2c2ccccc2)C=CN1","Preclinic & Market","True"
"O=c1[nH]cc(S(=O)(=O)c2ccccc2)n1Cc1ccccc1","Preclinic & Market","True"
"C1=NN=C(c2ccccc2)/C1=C\c1ccccc1","Preclinic & Market","True"
"c1ccc(Oc2cn[nH]c2)cc1","Preclinic & Market","True"
"c1ccc(OCc2ccn[nH]2)cc1","Preclinic & Market","True"
"O=C(Nc1cnn(CC(=O)N2CCCO2)c1)c1ccccc1","Preclinic & Market","True"
"c1ccc(-c2cc[nH]n2)cc1","Preclinic & Market","True"
"O=C(CN1CCOCC1)Nc1ccnn1-c1ccccc1","Preclinic & Market","True"
"c1cn[nH]c1","Preclinic & Market","True"
"c1ccc2c(Cc3cc[nH]n3)cccc2c1","Preclinic & Market","True"
"O=C(/C=C/c1cn[nH]c1)Nc1cn[nH]c1","Preclinic & Market","True"
"c1ccc(SCn2cccn2)cc1","Preclinic & Market","True"
"c1ccc(-c2c[nH]nc2[C@@H]2CCCN2)cc1","Preclinic & Market","True"
"c1ccc(CNCc2cn[nH]c2)cc1","Preclinic & Market","True"
"c1ccc(Cn2ccc(-c3cnc4ccccn34)n2)cc1","Preclinic & Market","True"
"c1ccn(-c2ccn[nH]2)c1","Preclinic & Market","True"
"C(=N/Nc1cc(N/N=C/c2ccccc2)[nH]n1)\c1ccccc1","Preclinic & Market","True"
"c1ccc(Cc2cnn(-c3nc4ccccc4[nH]3)c2)cc1","Preclinic & Market","True"
"c1cc(-c2cn[nH]c2)cc(-c2cnn(Cc3ncc[nH]3)c2)c1","Preclinic & Market","True"
"N=C(Nn1cccn1)Nn1cccn1","Preclinic & Market","True"
"c1ccc(Sc2ccn[nH]2)cc1","Preclinic & Market","True"
"c1cc(NCc2cncs2)n[nH]1","Preclinic & Market","True"
"O=S(=O)(C[C@H]1CCCCO1)Nc1cn[nH]c1","Preclinic & Market","True"
"O=S(=O)(NCc1cn[nH]c1)c1cn[nH]c1","Preclinic & Market","True"
"c1cc(Nc2ccn(C3CCCCC3)n2)cnn1","Preclinic & Market","True"
"O=C(Nc1nc[nH]n1)c1cc(-c2cccnc2)n[nH]1","Preclinic & Market","True"
"c1ccc2oc(-c3n[nH]cc3CNC3CCOCC3)cc2c1","Preclinic & Market","True"
"O=C(NN1CCOCC1)c1cc[nH]n1","Preclinic & Market","True"
"O=S(=O)(Oc1ccccc1)c1cn[nH]c1","Preclinic & Market","True"
"O=C(Nc1ccccc1)Oc1cc[nH]n1","Preclinic & Market","True"
"O=S(=O)(Cc1nnco1)c1n[nH]cc1-c1ccccc1","Preclinic & Market","True"
"O=C(COc1cn[nH]c1)NCCc1ccccc1","Preclinic & Market","True"
"O=C(Nc1ccccc1)Nc1ccnn1Cc1cccs1","Preclinic & Market","True"
"O=C(/C=N\Nc1ccccc1)c1ccn[nH]1","Preclinic & Market","True"
"O=C(/C=N/Nc1ccccc1)n1cccn1","Preclinic & Market","True"
"O=C(NCCOc1ccccc1)Nc1cn[nH]c1","Preclinic & Market","True"
"O=c1[nH]c2ccccc2c(=O)n1-c1cnn(Cc2cnoc2)c1","Preclinic & Market","True"
"c1ccc(-c2nnc(-c3ccn(-c4ccccc4)n3)o2)cc1","Preclinic & Market","True"
"O=C(NS(=O)(=O)C1CCCC1)c1cn[nH]c1C1CC1","Preclinic & Market","True"
"O=C(c1ccccc1)c1cnn(C(=O)Cc2cscn2)c1","Preclinic & Market","True"
"O=S(=O)(Cc1cn[nH]c1)c1ccccc1","Preclinic & Market","True"
"c1cc2cnc(Oc3cnn(CCN4CCOCC4)c3)nc2cn1","Preclinic & Market","True"
"O=S(=O)(Nc1cc[nH]n1)c1cnc2oncc2c1","Preclinic & Market","True"
"O=S(=O)(c1cccs1)n1cc(Sc2ccccc2)cn1","Preclinic & Market","True"
"O=C1CCCC=C1/C=N/c1[nH]ncc1-c1ccccc1","Preclinic & Market","True"
"O=S(=O)(Cc1cn[nH]c1)C1=NOCC1","Preclinic & Market","True"
"C(=N/c1cc2c(s1)CCC2)\c1cnn(-c2cccc3ccccc23)c1","Preclinic & Market","True"
"c1cnc(Nc2cn[nH]c2)nc1","Preclinic & Market","True"
"C(=N/OCc1ccccc1)\c1cn[nH]c1Oc1ccccc1","Preclinic & Market","True"
"O=C(CNC1=NS(=O)(=O)c2ccccc21)NCc1cnn(Cc2ccccc2)c1","Preclinic & Market","True"
"c1ccc(-c2csc(-n3cccn3)n2)cc1","Preclinic & Market","True"
"O=C1NN=C[C@@H]1/N=N/c1ccccc1","Preclinic & Market","True"
"O=S(=O)(N=CN1CCC=N1)c1ccccc1","Preclinic & Market","True"
"S=C(NC1=NN(c2ccccc2)CC1)c1ccccc1","Preclinic & Market","True"
"c1coc(C2=NN[C@H](c3cccs3)C2)c1","Preclinic & Market","True"
"O=C1/C(=C\c2ccccc2)C=NN1Cc1ccccc1","Preclinic & Market","True"
"O=S(=O)(CC1=NCCO1)C1=NNC[C@@H]1c1ccccc1","Preclinic & Market","True"
"O=C1CC(CSc2ccccc2)=NN1c1ncccn1","Preclinic & Market","True"
"O=c1c(-c2ccccc2)c[nH]n1N1C=c2ccccc2=CC1","Preclinic & Market","True"
"O=c1cc(CNc2ccccc2)[nH][nH]1","Preclinic & Market","True"
"O=c1c(Cc2ccccc2)c(-c2ccccc2)[nH]n1C1=NCCN1","Preclinic & Market","True"
"O=C(COc1ccccc1)NC1C=CNN1c1ncccn1","Preclinic & Market","True"
"O=C(c1cnns1)n1[nH]c(COc2ccccc2)cc1=O","Preclinic & Market","True"
"O=c1c(/N=N/c2ccccc2)c[nH]n1S(=O)(=O)Cc1ccccc1","Preclinic & Market","True"
"c1ccc(N2CC[C@@H](Nc3cnc4ccccc4c3)N2)cc1","Preclinic & Market","True"
"C(=N/n1cnc(-c2ccsc2)c1)\c1ccccc1","Preclinic & Market","True"
"c1ccc(-c2ncc[nH]2)cc1","Preclinic & Market","True"
"C(=Cn1ccnc1)c1ccccc1","Preclinic & Market","True"
"O=C(Cn1ccnc1)NCCn1cncn1","Preclinic & Market","True"
"O=S(=O)(c1c[nH]cn1)N1CCCCc2ccccc21","Preclinic & Market","True"
"c1c[nH]cn1","Preclinic & Market","True"
"c1ccc(C(c2ccccc2)(c2ccccc2)c2ncc[nH]2)cc1","Preclinic & Market","True"
"C(=Nc1ncc[nH]1)Nc1ccccc1","Preclinic & Market","True"
"c1cnn(CCn2ccnc2-c2ccc3c(c2)OCO3)c1","Preclinic & Market","True"
"c1ccc(CNCc2c[nH]cn2)nc1","Preclinic & Market","True"
"C(=N/CCc1c[nH]cn1)\NCCSCc1cnc[nH]1","Preclinic & Market","True"
"O=C(c1ccncc1)c1cncn1-c1ccccc1","Preclinic & Market","True"
"c1ccc(-c2nccn2Cc2cc3cncn3cn2)nc1","Preclinic & Market","True"
"c1ccc(Nc2nc(-c3cncs3)c[nH]2)cc1","Preclinic & Market","True"
"c1ccc(Nc2nccn2-c2cc(NC3CC3)ncn2)cc1","Preclinic & Market","True"
"c1ccc(Nc2c[nH]cn2)cc1","Preclinic & Market","True"
"O=S(=O)(c1ncc(CN2CCCCO2)[nH]1)C1CCCC1","Preclinic & Market","True"
"O=C(Cc1ccccc1)Nn1ccnc1","Preclinic & Market","True"
"N=c1oc2ccccc2cc1C(=O)NN=Cc1c[nH]c(-c2ccccc2)n1","Preclinic & Market","True"
"O=C(CSc1nc(-c2ccccc2)[nH]c1-c1ccccc1)NC[C@H]1CCCO1","Preclinic & Market","True"
"N=C1NC(=O)/C(=N\c2nc(Cc3ccc4c(c3)OCO4)c(Cc3ccc4c(c3)OCO4)[nH]2)N1","Preclinic & Market","True"
"c1ccc(CSC2=NCCN2)cc1","Preclinic & Market","True"
"c1ccc(C[C@@H]2CN=C(Cc3cccc4ccccc34)N2)cc1","Preclinic & Market","True"
"O=C1NC=N/C1=C\c1ccccc1","Preclinic & Market","True"
"c1ccc(CCCNC2=NCCN2OCc2ccccc2)cc1","Preclinic & Market","True"
"O=C1CN=C(Nc2ccccc2)N1C1CCCC1","Preclinic & Market","True"
"O=C1CNC(Nc2ncc3ccccc3n2)=N1","Preclinic & Market","True"
"O=C1NC=N[C@@]1(c1ccncc1)c1cccc(-c2ccoc2)c1","Preclinic & Market","True"
"C1=NC(N/N=C/c2ccco2)=N/C1=C\c1ccccc1","Preclinic & Market","True"
"O=C1NC(=O)C(NC(=O)c2ccncc2)N1","Preclinic & Market","True"
"O=C(C=CN1CC(=O)NC1=S)Nc1ccccc1","Preclinic & Market","True"
"c1ccc(N2CCN(c3ccccc3)C2c2ccccn2)cc1","Preclinic & Market","True"
"O=C(C=C1NCCN1)c1ccccc1","Preclinic & Market","True"
"O=C(CN1C(=O)CNC1=O)NCC(=O)c1nnco1","Preclinic & Market","True"
"c1ncsn1","Preclinic & Market","True"
"c1ccc(Nc2nsc(Nc3ccccc3)n2)cc1","Preclinic & Market","True"
"O=C(CCc1ccco1)Nc1ncns1","Preclinic & Market","True"
"O=C(Nc1nsc(-c2ccccc2)n1)c1ccccc1","Preclinic & Market","True"
"O=S(=O)(c1ccccc1)c1nc(-c2ccccc2)ns1","Preclinic & Market","True"
"c1ccc(CSc2nsc(SCc3ccccc3)n2)cc1","Preclinic & Market","True"
"c1ccc2c(c1)c(-c1nsc(CN3CCNCC3)n1)cn2CC1CCOCC1","Preclinic & Market","True"
"c1ccc(NC2=NS[C@@H](Nc3ccccc3)N2)cc1","Preclinic & Market","True"
"O=C(Nc1nc(=O)n(C(=O)C2CC2)s1)c1ccccc1","Preclinic & Market","True"
"c1ccc(Cc2n/c(=N\c3ccccc3)s[nH]2)cc1","Preclinic & Market","True"
"N=c1nc(-c2ccccc2)n(-c2ccccc2)s1","Preclinic & Market","True"
"O=c1[nH]sc(=O)n1Cc1ccccc1","Preclinic & Market","True"
"O=C(Cc1nsnc1N1CCOCC1)c1ccccc1","Preclinic & Market","True"
"C1=C(c2cnsn2)CNCC1","Preclinic & Market","True"
"c1ccc(COCCOCCOc2cnsn2)cc1","Preclinic & Market","True"
"c1ccc(CNc2nsnc2Nc2ccccc2)cc1","Preclinic & Market","True"
"O=S1(=O)N=C(NCc2ccccc2)C(Nc2ccccc2)=N1","Preclinic & Market","True"
"c1csnn1","Preclinic & Market","True"
"O=C(NCCNCc1ccccc1)c1cnns1","Preclinic & Market","True"
"c1ccc(-c2nnsc2-c2ccccc2)cc1","Preclinic & Market","True"
"O=[S@](c1ccccc1)c1cnns1","Preclinic & Market","True"
"c1nncs1","Preclinic & Market","True"
"c1nnc(SCCN2CCOCC2)s1","Preclinic & Market","True"
"O=C1CCCC[C@@H]1Sc1nnc(Nc2ccccc2)s1","Preclinic & Market","True"
"c1ccc(OCCc2nncs2)cc1","Preclinic & Market","True"
"S=C(Nc1nncs1)c1ccccc1","Preclinic & Market","True"
"C(=C/c1nncs1)\c1ccccc1","Preclinic & Market","True"
"O=S(=O)(Cc1ccccc1)Nc1nncs1","Preclinic & Market","True"
"c1ccc2c(c1)ncn2Cc1nnc(NC2CCCCC2)s1","Preclinic & Market","True"
"c1cc(-c2nncs2)[nH]n1","Preclinic & Market","True"
"O=C(Nc1nncs1)c1nc2ncccn2n1","Preclinic & Market","True"
"O=S(=O)(c1nncs1)N1CCCCCC1","Preclinic & Market","True"
"c1ccc(CSc2nnc(C34CC5CC(CC(C5)C3)C4)s2)cc1","Preclinic & Market","True"
"O=C(Nc1ccccc1)c1nnc(Cc2ccccc2)s1","Preclinic & Market","True"
"c1ccc(C2=NN[C@H](c3cccc4ccccc34)S2)cc1","Preclinic & Market","True"
"O=C(COc1cccnc1)/N=c1/[nH]ncs1","Preclinic & Market","True"
"C1=NN[C@H](/C=C/c2ccco2)S1","Preclinic & Market","True"
"S=c1sc(SCCOc2ccccc2)nn1-c1ccccc1","Preclinic & Market","True"
"c1ccc(C/N=c2/scnn2Cc2ccccc2)cc1","Preclinic & Market","True"
"c1ccc(-c2noc(-c3ccccc3)n2)cc1","Preclinic & Market","True"
"c1ncon1","Preclinic & Market","True"
"c1noc([C@@H]2CCCCN2)n1","Preclinic & Market","True"
"c1ccc(OCc2ncno2)cc1","Preclinic & Market","True"
"O=S(=O)(C/C=C/c1ccccc1)Cc1nc(C2CC2)no1","Preclinic & Market","True"
"c1cn(Cc2ncno2)cn1","Preclinic & Market","True"
"O=c1c(-c2ncon2)cnc2n1CCS2","Preclinic & Market","True"
"O=C(CSCc1ncon1)N1CCCCC1","Preclinic & Market","True"
"C1CN(c2noc([C@H]3CCc4[nH]nnc4C3)n2)CCO1","Preclinic & Market","True"
"c1ccc(CNc2nc(-c3ncc[nH]3)no2)cc1","Preclinic & Market","True"
"O=S1(=O)NC(c2ncno2)=Cc2ccccc21","Preclinic & Market","True"
"c1ccc(N/C(=N/n2cnnc2)c2ncon2)cc1","Preclinic & Market","True"
"c1ccc(SCc2ncno2)nc1","Preclinic & Market","True"
"c1ccc(Cc2noc(Cc3ccc4[nH]ccc4c3)n2)cc1","Preclinic & Market","True"
"c1ccc(C2=NO[C@@H](c3ccccc3)N2)cc1","Preclinic & Market","True"
"O=C(Cn1c(COc2ccccc2)noc1=O)Nc1ccccc1","Preclinic & Market","True"
"O=c1on([C@H]2CSC(=S)N2)c(=O)n1-c1ccccc1","Preclinic & Market","True"
"O=C(CSc1ccccc1)Nc1nonc1-c1ccccc1","Preclinic & Market","True"
"c1ccc2[nH]c(-c3cnon3)nc2c1","Preclinic & Market","True"
"c1ccc(OCc2nonc2-c2ccccc2)cc1","Preclinic & Market","True"
"O=C(CN(/N=N/c1cnon1)c1cnon1)Nc1ccccc1","Preclinic & Market","True"
"c1ccc(CON/C(=N/c2ccccc2)c2cnon2)cc1","Preclinic & Market","True"
"c1ccc(-c2nnc(NC3=NCCCCC3)o2)cc1","Preclinic & Market","True"
"c1ccc(Nc2nnc(CCN3CCCCC3)o2)cc1","Preclinic & Market","True"
"O=C(NCc1ccccc1)c1nnco1","Preclinic & Market","True"
"O=C(CSCc1ccccc1)Nc1nnco1","Preclinic & Market","True"
"c1nnco1","Preclinic & Market","True"
"c1coc(-c2nnc(CN3CCn4cnnc4C3)o2)c1","Preclinic & Market","True"
"O=C(CCc1nnc(Cc2ccccc2)o1)c1ccccc1","Preclinic & Market","True"
"O=[S@@](Cc1ccccn1)c1nnco1","Preclinic & Market","True"
"C(=N/c1nnc(Cn2c3ccccc3c3ccccc32)o1)\c1ccccc1","Preclinic & Market","True"
"O=C1CN(c2ccccc2)C(=Cc2nnc(NC(=O)c3ccccc3)o2)S1","Preclinic & Market","True"
"c1ccc(COc2nnc(COc3ccc(-c4ccccc4)cc3)o2)cc1","Preclinic & Market","True"
"c1ccc(C2=NN[C@H](c3ccccc3)O2)cc1","Preclinic & Market","True"
"c1ccc(CC2=NNCO2)cc1","Preclinic & Market","True"
"O=c1oc(Oc2ccccc2)nn1-c1ccccc1","Preclinic & Market","True"
"S=c1oc(-c2nccs2)nn1CN1CCOCC1","Preclinic & Market","True"
"C1=C/C(=C/c2ccc[nH]2)N=C1c1cc2ccccc2[nH]1","Preclinic & Market","True"
"O=C(NC1=NCCS1)c1ccn(-c2ccccn2)c1","Preclinic & Market","True"
"c1ccc(-c2[nH]cc(-c3ccon3)c2-c2ccccc2)cc1","Preclinic & Market","True"
"c1ccc(Cn2cccc2)cc1","Preclinic & Market","True"
"O=C(NOCc1ccccc1)c1ccc[nH]1","Preclinic & Market","True"
"c1cc[nH]c1","Preclinic & Market","True"
"O=C(CSc1ccccc1)c1ccc[nH]1","Preclinic & Market","True"
"c1ccc(-c2c[nH]cc2N2CCOCC2)cc1","Preclinic & Market","True"
"C(=N/n1cnnc1)\c1cccn1-c1ccccc1","Preclinic & Market","True"
"O=C(c1ccccc1)c1cccn1CC(=O)N1CCCCC1","Preclinic & Market","True"
"O=C1NCc2cccc(-c3ccc[nH]3)c21","Preclinic & Market","True"
"S=C(Nc1ccccc1)c1cc[nH]c1","Preclinic & Market","True"
"c1ccc(COc2ccn(-c3ccccc3)c2)cc1","Preclinic & Market","True"
"O=C(CSc1nncs1)c1ccn(C2CC2)c1","Preclinic & Market","True"
"C(=N/Nc1ncccn1)\c1cc[nH]c1","Preclinic & Market","True"
"O=C(COc1ncnc2sccc12)c1cc[nH]c1","Preclinic & Market","True"
"C(=Cc1cccn1OCc1ccccc1)c1ccccc1","Preclinic & Market","True"
"c1ccc(-n2ccc(-c3csc4ccccc34)c2)cc1","Preclinic & Market","True"
"O=C1NC(=O)C(=Cc2ccn(-c3ccccc3)c2)C(=O)N1","Preclinic & Market","True"
"O=C1Nc2cccnc2/C1=C/c1ccc[nH]1","Preclinic & Market","True"
"c1ncc(-c2ccn(CC3CC3)c2)cn1","Preclinic & Market","True"
"O=S(=O)(CC1=NCCO1)c1c[nH]cc1S(=O)(=O)c1ccccc1","Preclinic & Market","True"
"c1ccc(/N=N/c2ccc[nH]2)cc1","Preclinic & Market","True"
"O=S(=O)(NC[C@H]1CCCO1)c1c[nH]cc1-c1nc(C2CC2)no1","Preclinic & Market","True"
"c1ccc(-c2c[nH]cc2[C@@H](c2ccccc2)n2cnnc2)cc1","Preclinic & Market","True"
"C(=N/Nc1nc2ccccc2s1)\c1cccn1CCOc1ccccc1","Preclinic & Market","True"
"c1ccc(-c2nc(Cn3cccc3C3=N[C@H](c4ccccc4)CO3)co2)cc1","Preclinic & Market","True"
"c1ccc(C2(c3ccc(C4Oc5ccccc5S4)[nH]3)Oc3ccccc3S2)cc1","Preclinic & Market","True"
"O=C(Cn1c(-c2ccccc2)ccc1-c1ccccc1)N=CNC1CCCCC1","Preclinic & Market","True"
"O=C1CNC=C1c1nc2ccccc2s1","Preclinic & Market","True"
"C=C1C=CC(=O)N1c1ccccc1Oc1ccccc1","Preclinic & Market","True"
"O=C1NCC=C1SCc1ccccc1","Preclinic & Market","True"
"O=C(NCCCc1ccccc1)C1=CC(=O)N(CCN2CCOCC2)C1","Preclinic & Market","True"
"c1cnc([C@H]2CCN(C3CCNCC3)C2)nc1","Preclinic & Market","True"
"c1ccc(CN2CC[C@H](NCCSc3ncn[nH]3)C2)cc1","Preclinic & Market","True"
"c1coc(CN[C@H]2CCN(CC3CCOCC3)C2)n1","Preclinic & Market","True"
"O=C1C[C@H](C(=O)NCCc2nncs2)CN1","Preclinic & Market","True"
"C1=NCc2[nH]cc(CN3CCCC3)c2N1","Preclinic & Market","True"
"c1csc(N2CC[C@H](CN3CCCCCC3)C2)n1","Preclinic & Market","True"
"c1cnnc(N2CCC[C@@H]2Cc2cn[nH]c2)c1","Preclinic & Market","True"
"c1ccc([C@H]2CCN(CCn3cc(-c4ncc[nH]4)nn3)C2)cc1","Preclinic & Market","True"
"O=C(CN1CCC[C@H]1c1cn[nH]c1)/N=c1\cc[nH][nH]1","Preclinic & Market","True"
"c1ccc(OCCO[C@@H]2CCNC2)cc1","Preclinic & Market","True"
"c1ccc(CCS[C@H]2CCCN2)cc1","Preclinic & Market","True"
"N=c1ssc(=N)n1-c1ccccc1","Preclinic & Market","True"
"N=c1ssc(=N)n1C1CCCCC1","Preclinic & Market","True"
"S=c1[nH]c(/N=C/c2ccccc2)cs1","Preclinic & Market","True"
"S=c1[nH]cc(-c2nc3ccccc3o2)s1","Preclinic & Market","True"
"O=C(CNc1ccccc1)/N=c1\[nH]ccs1","Preclinic & Market","True"
"c1csc(/N=c2\sccn2-c2nccs2)n1","Preclinic & Market","True"
"N=c1sccn1CCc1ccc2ccccc2c1","Preclinic & Market","True"
"O=S(=O)(/N=c1\[nH]ccs1)c1ccccc1","Preclinic & Market","True"
"S=c1scc(CN2CCCCC2)n1-c1ccccc1","Preclinic & Market","True"
"O=c1sccn1Cc1cnoc1","Preclinic & Market","True"
"C=C1SC=C(Nn2cnc3ccccc3c2=O)N1c1ccccc1","Preclinic & Market","True"
"c1cnc(COc2ccsn2)cn1","Preclinic & Market","True"
"C(=C/c1ccns1)\Nc1ccccc1","Preclinic & Market","True"
"c1nc(CSc2ccsn2)cs1","Preclinic & Market","True"
"N=C(NN1CCCCC1)c1cnsc1Nc1ccccc1","Preclinic & Market","True"
"O=S1(=O)N=C(NCc2ccccc2)C=C1c1ccccc1","Preclinic & Market","True"
"c1ccc(C(Cc2cnsc2C2CCNCC2)c2ccccc2)cc1","Preclinic & Market","True"
"O=S1(=O)N=CC(c2ccccc2)=C1SC1CCCCC1","Preclinic & Market","True"
"c1ccc(SCc2csnc2-c2ccccc2)cc1","Preclinic & Market","True"
"C(\Cc1cc(Sc2ccccn2)ns1)=N\OCc1ccccc1","Preclinic & Market","True"
"O=C1C=CS(=O)(=O)N1c1ccncc1","Preclinic & Market","True"
"O=C(Nc1ccccc1)OCc1cc(=O)n(-c2ccccc2)s1","Preclinic & Market","True"
"O=C(/N=c1\ccsn1CC1CC1)c1ccccc1","Preclinic & Market","True"
"c1cscn1","Preclinic & Market","True"
"O=C(NN=Cc1ccccc1)c1nccs1","Preclinic & Market","True"
"O=C(NCCc1csc(-c2cnccn2)n1)c1cnn[nH]1","Preclinic & Market","True"
"c1cc(Sc2nccs2)ccn1","Preclinic & Market","True"
"c1cnc(Nc2nc(C3CCNCC3)cs2)cn1","Preclinic & Market","True"
"O=C(Nc1csc(-c2cccs2)n1)NN1CCOCC1","Preclinic & Market","True"
"c1coc(CSc2nccs2)n1","Preclinic & Market","True"
"c1ccc(/N=N/c2cncs2)cc1","Preclinic & Market","True"
"c1ccc(NCc2csc(-c3ccco3)n2)cc1","Preclinic & Market","True"
"C(#Cc1cscn1)c1ccccc1","Preclinic & Market","True"
"O=C(N=[SH](=O)Cc1cncs1)c1ccccc1","Preclinic & Market","True"
"c1ccc(Oc2nccs2)cc1","Preclinic & Market","True"
"C1=Nc2ccccc2/C1=C\c1cnc(Nc2ccccc2)s1","Preclinic & Market","True"
"O=C(Nc1nccs1)c1ncsc1CCC1CCCCC1","Preclinic & Market","True"
"C(#CC1CC1)c1ccc(-c2ncc(C=NNC3=NCCN3)s2)cc1","Preclinic & Market","True"
"c1ccc(Cc2ncc(-c3ccccc3)s2)cc1","Preclinic & Market","True"
"c1csc(-c2nccs2)n1","Preclinic & Market","True"
"O=C1CSC(Nc2ccccc2)=N1","Preclinic & Market","True"
"c1ccc(SC[C@H]2CN=C(N3CCOCC3)S2)nc1","Preclinic & Market","True"
"O=C(NCc1ccccc1)[C@@H]1CSC(c2ccccn2)=N1","Preclinic & Market","True"
"O=C1CSC(C(/N=N/c2ccccc2)=C2Nc3ccccc3N2)=N1","Preclinic & Market","True"
"O=C1N=C(N/N=C/c2cccs2)S[C@H]1Cc1ccccc1","Preclinic & Market","True"
"O=C1SC(SCc2ccccc2)=N/C1=C\C=C\c1ccccc1","Preclinic & Market","True"
"C(=C1\N=C(Oc2ccccc2)S[C@@H]1Nc1ccccc1)\c1ccccc1","Preclinic & Market","True"
"S=C1CS/C(=N/N=CCOc2ccccc2)N1","Preclinic & Market","True"
"S=C1SCCN1c1ccccc1","Preclinic & Market","True"
"N=C1SCCN1CC(=O)c1ccc2ccccc2c1","Preclinic & Market","True"
"O=C1CS/C(=N/Nc2nncc3ccccc23)N1","Preclinic & Market","True"
"C=c1[nH]c(=O)/c(=C/c2ccccc2)s1","Preclinic & Market","True"
"O=C(NN1C(=O)CS[C@H]1c1cccs1)c1ccncc1","Preclinic & Market","True"
"S=C1SCCN1/N=C/c1cccnc1","Preclinic & Market","True"
"c1ccc(OC[C@@H]2CN[C@@H](c3ccccc3)S2)cc1","Preclinic & Market","True"
"O=C1NC(=O)[C@H](S(=O)(=O)c2cccc3ccccc23)S1","Preclinic & Market","True"
"O=S(=O)(/N=c1\onc(-c2ccccc2)o1)c1ccccc1","Preclinic & Market","True"
"c1ccc(NCC2=NOC(c3ccccc3)O2)cc1","Preclinic & Market","True"
"O=c1[nH]c(-c2ccccc2)c(CCN2CCN(c3ccccc3)CC2)o1","Preclinic & Market","True"
"c1cnoc1","Preclinic & Market","True"
"c1ccc(-c2ccno2)cc1","Preclinic & Market","True"
"O=C(NCCN1CCCCCC1=O)c1cnoc1","Preclinic & Market","True"
"c1ccc(OCCCCCCc2cnoc2)cc1","Preclinic & Market","True"
"c1ccc(SCc2ccno2)cc1","Preclinic & Market","True"
"O=C(Nc1ccno1)NC12CC3CC(CC(C3)C1)C2","Preclinic & Market","True"
"O=C(COc1ccno1)Nc1ccccc1","Preclinic & Market","True"
"O=C(NCc1ccno1)c1cc(COc2cccnc2)on1","Preclinic & Market","True"
"O=C(Nc1ccccc1)c1cnoc1-c1cnns1","Preclinic & Market","True"
"c1cc(/N=C2/NCC3(CCCCC3)CO2)no1","Preclinic & Market","True"
"O=C(/C=N/OCc1ccccc1)NC1=NOCC1","Preclinic & Market","True"
"c1ccc(C[C@@H]2CC(c3ccccc3)=NO2)cc1","Preclinic & Market","True"
"O=C(NS(=O)(=O)C1C(c2ccccc2)=NOC1c1ccccc1)c1cccs1","Preclinic & Market","True"
"c1ccc(C2=C(c3ccccc3)ONC2)cc1","Preclinic & Market","True"
"O=C(CCCCC(=O)n1occc1=O)n1occc1=O","Preclinic & Market","True"
"N=c1c(C2CCCCC2)con1S(=O)(=O)c1ccccc1","Preclinic & Market","True"
"C(=C/c1ncc(NCc2cccnc2)o1)\c1ccccc1","Preclinic & Market","True"
"c1ccc(COCCOCc2ncco2)cc1","Preclinic & Market","True"
"c1ccc(-c2cnc(Nc3ccc(-c4cnco4)cc3)o2)cc1","Preclinic & Market","True"
"O=C(NCc1cccnc1)c1coc(Oc2ccccc2)n1","Preclinic & Market","True"
"c1coc(-c2ccsc2)n1","Preclinic & Market","True"
"O=S(=O)(CCCCCCc1ccccc1)c1ncc(-c2cocn2)o1","Preclinic & Market","True"
"c1coc(CCCCC2CCCCC2)n1","Preclinic & Market","True"
"O=C(NOCc1ccccc1)[C@H]1COC(c2ccccc2)=N1","Preclinic & Market","True"
"O=C1OC(c2cccnc2)C(=O)N1Nc1ccccc1","Preclinic & Market","True"
"c1ccc([C@@H]2CN[B-](c3ccccc3)(c3ccccc3)O2)cc1","Preclinic & Market","True"
"c1ccc(-n2cnnc2)cc1","Preclinic & Market","True"
"c1ccc(Cn2cnnc2-c2cn[nH]c2)cc1","Preclinic & Market","True"
"c1nnc[nH]1","Preclinic & Market","True"
"c1ccc(CCc2nnc[nH]2)cc1","Preclinic & Market","True"
"c1ccc(-c2nnc(SSC3CCCCC3)[nH]2)cc1","Preclinic & Market","True"
"c1ccc(-n2c(-c3ccncc3)nnc2N2CCOCC2)cc1","Preclinic & Market","True"
"O=C(NCc1ccccc1)N(Cc1ccccn1)n1cnnc1","Preclinic & Market","True"
"c1nc2c(c(NCc3nnc[nH]3)n1)CCCC2","Preclinic & Market","True"
"c1nc(CSc2nnc(C3CC3)[nH]2)no1","Preclinic & Market","True"
"O=C(CSc1nncn1-c1cccnc1)Nc1ccccc1","Preclinic & Market","True"
"c1cc2nnsc2cc1Nc1nnc(CCC2CCCCC2)[nH]1","Preclinic & Market","True"
"c1nnc(-c2nnc[nH]2)[nH]1","Preclinic & Market","True"
"c1ccc(OCc2nnc(OC3CCCCC3)n2-c2ccccc2)cc1","Preclinic & Market","True"
"O=S(=O)(Nn1cnnc1-n1cccn1)c1ccccc1","Preclinic & Market","True"
"c1ccc2c(c1)Sc1ccccc1N2Cc1nnc[nH]1","Preclinic & Market","True"
"C(=Nc1n[nH]c(N=Cc2ccccn2)n1)c1ccccn1","Preclinic & Market","True"
"C(#CC1CCCCC1)c1ncn[nH]1","Preclinic & Market","True"
"c1ccc(Nc2ncnn2-c2ccccc2)cc1","Preclinic & Market","True"
"O=C(CNc1ccccc1)Nc1ncn(Cc2cccnc2)n1","Preclinic & Market","True"
"O=S(=O)(NCc1ccccc1)c1ncn[nH]1","Preclinic & Market","True"
"c1ccc(-c2ncn([C@H]3CCc4[nH]nnc4C3)n2)cc1","Preclinic & Market","True"
"c1ccc(OCn2cncn2)cc1","Preclinic & Market","True"
"O=c1[nH]nc(Cc2ccccc2)n1/N=C/c1ccco1","Preclinic & Market","True"
"O=C1C2CC=CCC2C(=O)N1n1c(-c2ccccc2)n[nH]c1=O","Preclinic & Market","True"
"O=c1n(-c2ccccc2)cnn1CCOc1ccccc1","Preclinic & Market","True"
"C1=NN(Cc2ccccc2)[C@H](N(Cc2ccccc2)Cc2ccccc2)N1","Preclinic & Market","True"
"O=c1[nH]c(=O)n([C@@H]2NN=Cc3cccc4cccc2c34)[nH]1","Preclinic & Market","True"
"O=C(Cc1ccccc1)c1cn(Cc2ccccc2)nn1","Preclinic & Market","True"
"c1c[nH]nn1","Preclinic & Market","True"
"c1ccc2c(c1)CC(Cn1ccnn1)O2","Preclinic & Market","True"
"C(=N/N=C/c1ccccc1)c1cn(-c2cnon2)nn1","Preclinic & Market","True"
"c1ccc(CSc2c[nH]nn2)cc1","Preclinic & Market","True"
"C1=CC2CN(Cc3cn(C4CCNCC4)nn3)CCC2S1","Preclinic & Market","True"
"O=C(NCn1cc(-c2ccccc2)nn1)Oc1ccccc1","Preclinic & Market","True"
"O=C(Cn1cc(Cc2csc3ccccc23)nn1)Nc1ccccc1","Preclinic & Market","True"
"c1ccc2c(NCn3ccnn3)ccnc2c1","Preclinic & Market","True"
"c1ccc(-n2nccn2)cc1","Preclinic & Market","True"
"c1ccccc1","Preclinic & Market","True"
"S=C(NN=Cc1ccccc1)NC1CCCCC1","Preclinic & Market","True"
"C(#Cc1ccccc1)CO/N=C1\CN2CCC1C2","Preclinic & Market","True"
"O=[SH](=Nc1ccccc1)c1cccnc1","Preclinic & Market","True"
"S=C(N/N=C/c1ccccn1)Nc1ccccc1","Preclinic & Market","True"
"O=C(NSC(=O)c1ccccc1)c1ccccc1","Preclinic & Market","True"
"C1=N/C(=N/c2ccccc2)c2ccccc21","Preclinic & Market","True"
"c1ccc(Sc2cccc(N3CCNCC3)c2)cc1","Preclinic & Market","True"
"C(=N/CC/N=C/c1ccccc1)\c1ccccc1","Preclinic & Market","True"
"O=c1ccc(-c2ccccc2)c[nH]1","Preclinic & Market","True"
"O=C(NCc1ccccc1)Oc1cccnc1","Preclinic & Market","True"
"c1ccc(CNc2nsc3ccccc23)cc1","Preclinic & Market","True"
"S=C(SSc1ccccc1)N1CCOCC1","Preclinic & Market","True"
"c1ccc(OCc2nnc3snnn23)cc1","Preclinic & Market","True"
"O=C(NCSc1ccccc1)OCCCc1ccccc1","Preclinic & Market","True"
"C(#Cc1ccccc1)CO[C@@H]1CCNO1","Preclinic & Market","True"
"c1ccc(/N=N/Nc2ccccc2)cc1","Preclinic & Market","True"
"O=c1cnn(CCc2ccccc2)c(=O)[nH]1","Preclinic & Market","True"
"c1ccc(Sc2ccccc2CNC2=NCCN2)cc1","Preclinic & Market","True"
"c1ccc(-c2ccc3c(c2)OCO3)cc1","Preclinic & Market","True"
"O=C(COc1ccccc1)ON=Cc1ccncc1","Preclinic & Market","True"
"O=C(ON=Cc1ccccc1)c1ccon1","Preclinic & Market","True"
"O=[S@@](Cc1ccccc1)c1nc2ccccc2[nH]1","Preclinic & Market","True"
"C=C(C(=O)c1ccc(-c2ccccc2)cc1)n1ccccc1=O","Preclinic & Market","True"
"O=C(c1ccccc1)[C@H](Nc1ccccc1)c1ccccc1","Preclinic & Market","True"
"c1ccc(-c2cccc3c2oc2ccccc23)cc1","Preclinic & Market","True"
"c1cncc(Nc2cccc(-c3cccc4[nH]ccc34)c2)c1","Preclinic & Market","True"
"c1ccc(SSc2ccccc2)cc1","Preclinic & Market","True"
"O=S(=O)(CCN1CCOCC1)NCc1ccccc1","Preclinic & Market","True"
"O=[S@]1NC(Cc2ccc(OCc3ccccc3)cc2)=NO1","Preclinic & Market","True"
"O=C(c1ccccc1)c1ccc(Nc2ccccc2)cc1","Preclinic & Market","True"
"B1OCc2ccc(Oc3ccccc3)cc21","Preclinic & Market","True"
"c1ccc(C(c2ccccc2)n2nccn2)cc1","Preclinic & Market","True"
"C1=C(/N=N/c2ccccc2)CCCN1","Preclinic & Market","True"
"C(=C/c1ccsn1)\c1ccccc1","Preclinic & Market","True"
"S=C(NNc1ccccc1)SCc1ccccc1","Preclinic & Market","True"
"c1ccc(Oc2ncnc3[nH]ccc23)cc1","Preclinic & Market","True"
"c1ccc(B2OCCCO2)cc1","Preclinic & Market","True"
"O=S(=O)(CCc1ccccc1)Nc1ccccc1","Preclinic & Market","True"
"O=C(Nc1cnns1)OCc1ccccc1","Preclinic & Market","True"
"O=C(Nc1cnon1)c1cccc(COCC2CC2)c1","Preclinic & Market","True"
"C1=CC(COc2ccccc2)=CCC1","Preclinic & Market","True"
"c1ccc(CSSSCc2ccccc2)cc1","Preclinic & Market","True"
"c1ccc([C@H]2Nc3ccccc3S2)cc1","Preclinic & Market","True"
"O=[SH](=Nc1ccccc1)C1CCOCC1","Preclinic & Market","True"
"c1ccc(Nc2coc3cnccc23)cc1","Preclinic & Market","True"
"S=C1N=C(Nc2ccc(-c3nc4ccccc4[nH]3)cc2)CN1","Preclinic & Market","True"
"O=c1c(/C=N/c2ccccc2)coc2ccccc12","Preclinic & Market","True"
"O=c1cccc(Cc2ccc(Oc3ccccc3)cc2)[nH]1","Preclinic & Market","True"
"O=C(Nc1c[nH]c(=O)[nH]c1=O)c1ccc(-c2ccccc2)cc1","Preclinic & Market","True"
"c1ccc(COc2ncnc3[nH]nnc23)cc1","Preclinic & Market","True"
"c1ccc(/N=N/c2ccc(/N=N/c3cnoc3)cc2)cc1","Preclinic & Market","True"
"C(#Cc1cccnc1)c1ccccc1","Preclinic & Market","True"
"c1ccc(Oc2ccc(C/N=C3\CCCCCN3)cc2)cc1","Preclinic & Market","True"
"C(=NOc1ncccn1)c1ccccc1","Preclinic & Market","True"
"O=C(O/N=C/c1ccccc1)N1CCOCC1","Preclinic & Market","True"
"c1ccc(-c2ccccc2SC2CCC2)cc1","Preclinic & Market","True"
"O=c1ccccn1/N=C/c1ccccc1","Preclinic & Market","True"
"O=c1c2cccnc2sn1Cc1ccccc1","Preclinic & Market","True"
"c1ccc(Oc2ccc(Oc3ccns3)cc2)cc1","Preclinic & Market","True"
"S=C(C=Cc1ccccc1)NCc1ccccc1","Preclinic & Market","True"
"O=C(On1nnc2ccccc21)c1ccccc1","Preclinic & Market","True"
"O=C1C=C(c2ccc(-c3ccccc3)cc2)c2ccccc2C1=O","Preclinic & Market","True"
"c1ccc(Oc2ccc(N=C3NCCN3)cc2)cc1","Preclinic & Market","True"
"S=C(Nc1ccccc1)OCc1ccccc1","Preclinic & Market","True"
"O=C(NC=Nc1nccs1)c1ccccc1","Preclinic & Market","True"
"c1ccc(CONc2ncnc3nonc23)cc1","Preclinic & Market","True"
"O=C1CN[S@](=O)(c2cccc(-c3ccccc3)c2)=N1","Preclinic & Market","True"
"B(Oc1cccc2cccnc12)c1ccccc1","Preclinic & Market","True"
"c1ccc(OCc2cncs2)cc1","Preclinic & Market","True"
"N=C(Cc1ccccc1)NOC(=O)CCc1ccccc1","Preclinic & Market","True"
"O=c1ocnn1Cc1cccc(Oc2ccccc2)c1","Preclinic & Market","True"
"N=c1[nH]cc(Cc2ccccc2)c(=N)[nH]1","Preclinic & Market","True"
"C(=NNc1ccccc1)Oc1ccccc1","Preclinic & Market","True"
"O=C1NC(=S)NC(=O)C1=NNc1ccccc1","Preclinic & Market","True"
"O=S1(=O)C=C(Oc2ccccc2)c2ccccc21","Preclinic & Market","True"
"O=c1sc(Nc2ccccc2)nc2ccccc12","Preclinic & Market","True"
"O=C1/C(=N/c2ccc(Nc3ccccc3)cc2)Oc2ccccc21","Preclinic & Market","True"
"C1=N[C@@H](CCc2ccc(Nc3ccccc3)cc2)CO1","Preclinic & Market","True"
"N=C(NOC(=O)CSc1ccccc1)c1ccncc1","Preclinic & Market","True"
"O=S(=O)(Cc1ccccc1)Oc1ccccc1","Preclinic & Market","True"
"O=C1NC(=O)/C(=C/c2ccccc2)O1","Preclinic & Market","True"
"C(#Cc1ccc(N2C=NC=NC2)cc1)c1ccccc1","Preclinic & Market","True"
"N=C(N/N=C/C=C/c1ccccc1)N/N=C/C=C/c1ccccc1","Preclinic & Market","True"
"B(c1ccccc1)c1ccccc1","Preclinic & Market","True"
"c1ccc(Oc2ccccc2CNc2nc[nH]n2)cc1","Preclinic & Market","True"
"O=C1NC2=C(CCc3ccccc32)[C@@H](c2ccccc2)N1","Preclinic & Market","True"
"C(#CCNCc1ccccc1)CCCC1SCCCS1","Preclinic & Market","True"
"O=C(CN1CCCS1(=O)=O)Nc1ccccc1","Preclinic & Market","True"
"O=C(NCc1ccccc1)Nc1ccon1","Preclinic & Market","True"
"O=C(OCCCc1c[nH]cn1)N(c1ccccc1)c1ccccc1","Preclinic & Market","True"
"O=C1CCCC=C1Sc1ccccc1","Preclinic & Market","True"
"c1ccc(Oc2ccc(OCCSc3ccccc3)cc2)cc1","Preclinic & Market","True"
"c1ccc(Sc2ccc3ncncc3c2)cc1","Preclinic & Market","True"
"O=C(NS(=O)(=O)c1ccccc1)Oc1ccccc1","Preclinic & Market","True"
"c1ccc(COc2ncno2)cc1","Preclinic & Market","True"
"c1ccc(-c2nnc[nH]2)c(Nc2ncnc3[nH]ccc23)c1","Preclinic & Market","True"
"C(C#CC1CC1)#Cc1ccccc1","Preclinic & Market","True"
"O=c1cc(-c2ccc(OCCCN3CCCC3)cc2)cn[nH]1","Preclinic & Market","True"
"O=C(COc1ccccc1)N/N=C1\CCSC1","Preclinic & Market","True"
"O=[S@](OCCN1CCCC1)C(c1ccccc1)c1ccccc1","Preclinic & Market","True"
"O=S(=O)(/N=N/c1c[nH]c2ccccc12)c1ccccc1","Preclinic & Market","True"
"S=C(Sc1ccccc1)Sc1ccccc1","Preclinic & Market","True"
"O=c1[nH]nc(C[S@](=O)C(c2ccccc2)c2ccccc2)s1","Preclinic & Market","True"
"S=C1NN2C(=NC=C[C@@H]2c2ccccc2)S1","Preclinic & Market","True"
"O=S(=O)(CC1CCOCC1)NCCOc1ccccc1","Preclinic & Market","True"
"C(=N/Oc1ccccc1)\Nc1ccccc1","Preclinic & Market","True"
"c1ccc(-c2nnn[nH]2)c(-c2ccc(CN3CCNCC3)cc2)c1","Preclinic & Market","True"
"O=C(Nc1ccccc1)ON=CCn1cncn1","Preclinic & Market","True"
"N=C(c1cnco1)c1ccccc1COc1ccccc1","Preclinic & Market","True"
"C(=NNc1ccccc1)c1nnn[nH]1","Preclinic & Market","True"
"C(=Cc1ccccc1)Oc1ccccc1","Preclinic & Market","True"
"S=c1oc2ccccc2c(=S)n1-c1ccccc1","Preclinic & Market","True"
"c1ccc(-c2cccc(-c3ccccc3)c2OCC2=NCCN2)cc1","Preclinic & Market","True"
"O=C(N/C=C/c1ccc(-c2ccccc2)cc1)NOCc1ccccc1","Preclinic & Market","True"
"N=C1N=CNCN1OCCOc1ccccc1","Preclinic & Market","True"
"C(=Nc1ccccc1)n1ccnc1","Preclinic & Market","True"
"C(#Cc1cn2ccncc2n1)c1ccc(N2CCNCC2)cc1","Preclinic & Market","True"
"C(=C(\OCc1ccccc1)c1ccccc1)\n1cnnn1","Preclinic & Market","True"
"O=C(NCCc1cscn1)Nc1ccccc1","Preclinic & Market","True"
"O=c1cc(CNCCCO/N=C/c2ccccc2)[nH]c(=O)[nH]1","Preclinic & Market","True"
"O=C(CO/N=C1/CCCc2nonc21)Nc1ccccc1","Preclinic & Market","True"
"c1ccc(C2OCc3ccccc32)cc1","Preclinic & Market","True"
"c1ccc(CNn2cnnn2)cc1","Preclinic & Market","True"
"O=C(/N=C1\N[C@]2(CCCCO2)CCS1)c1ccccc1","Preclinic & Market","True"
"C(=N/N=C/c1ccccc1)c1cnccn1","Preclinic & Market","True"
"O=c1cccnn1/C=C/c1ccccc1","Preclinic & Market","True"
"C(=C/Nc1ccccc1)\C=N\c1ccccc1","Preclinic & Market","True"
"O=S(=O)(N=CCc1ccccc1)c1ccccn1","Preclinic & Market","True"
"O=C(CCCCCCc1ccccc1)NS(=O)(=O)Oc1ccccc1","Preclinic & Market","True"
"O=C(NC(c1ccccc1)c1ccccc1)n1nnc2ccccc21","Preclinic & Market","True"
"C(=N/Nc1nc2ccccc2n2cnnc12)\c1ccccc1","Preclinic & Market","True"
"c1ccc(Nc2ccc(Oc3nccnc3C3CCCCC3)cc2)nc1","Preclinic & Market","True"
"O=C(C#Cc1ccccc1)c1cccc2ccccc12","Preclinic & Market","True"
"c1ccc(Oc2ccccc2SCc2coc3ncncc23)cc1","Preclinic & Market","True"
"O=C1C=CO[C@H]1CCC#Cc1ccccc1CSc1ccccc1","Preclinic & Market","True"
"c1cc(Nc2cccc3c2OCO3)cc(NC2CCCCC2)c1","Preclinic & Market","True"
"c1ccc(SCCN(c2ccccc2)n2cnnc2)cc1","Preclinic & Market","True"
"C(#CC(c1ccccc1)c1ccccc1)CN1CCOCC1","Preclinic & Market","True"
"N=C1CCN2C(=O)C=C(Cc3cccc(Oc4ccccc4)c3)OC12","Preclinic & Market","True"
"O=C(OB(CCc1ccccc1)c1ccccc1)c1ccccn1","Preclinic & Market","True"
"C1=NCOC(c2ccc(Nc3c4ccccc4nc4ccccc34)cc2)=C1","Preclinic & Market","True"
"c1cc2c(Oc3ccc(CO[C@@H]4CCCCO4)cc3)cncc2s1","Preclinic & Market","True"
"O=C(C[C@H](CCc1ccccc1)c1ccccc1)n1cccc1","Preclinic & Market","True"
"O=C(CNc1ccccc1)NN=C(Cc1ccccc1)Cc1ccccc1","Preclinic & Market","True"
"C(=Cc1noc2ccccc12)c1cccc(OCCCN2CCOCC2)c1","Preclinic & Market","True"
"O=C(Nc1ccccc1)Nc1cccc(Sc2ccnc3ccsc23)c1","Preclinic & Market","True"
"O=S(=O)(NC1=NCc2nc3ccccc3n21)c1ccccc1","Preclinic & Market","True"
"O=c1cc(CSc2ccccc2)[nH]c2ccccc12","Preclinic & Market","True"
"C1=CC2N=CC(Cc3ccc(-c4ccccc4)cc3)N2N=C1","Preclinic & Market","True"
"S=c1s/c(=N\c2ccc(OCc3ccccc3)cc2)n2n1CCCC2","Preclinic & Market","True"
"O=C1/C(=N\c2ccc(/N=C3\C(=O)C4CCC3C4)cc2)C2CCC1C2","Preclinic & Market","True"
"c1ccc(Oc2cccc(-c3cnc4sc5c(c4c3)CCCS5)c2)cc1","Preclinic & Market","True"
"O=S1(=O)NC(Nc2ccccc2)=Nc2ccccc21","Preclinic & Market","True"
"O=C1CC(c2ccc(NC(=O)Nc3ccccc3)cc2)=Nc2cscc2N1","Preclinic & Market","True"
"O=C(NNc1ccncn1)c1ccc(Cc2ccccc2)cc1","Preclinic & Market","True"
"c1ccc(-n2cccc2)c(NNCc2cnc3ncncc3c2)c1","Preclinic & Market","True"
"O=S(=O)(Nc1ncns1)c1ccc(Oc2ccccc2-c2ccccc2)cc1","Preclinic & Market","True"
"O=c1cc(-c2ccc(OCc3ncc4ccccc4n3)cc2)oc2ccccc12","Preclinic & Market","True"
"O=c1[nH]/c(=C\c2ccccn2)c(=O)[nH]/c1=C\c1ccc(OCCCc2cccnc2)cc1","Preclinic & Market","True"
"O=C(CC(=O)NNC(=S)c1ccccc1)NNC(=S)c1ccccc1","Preclinic & Market","True"
"O=C(NOc1ccccc1)c1ccccc1C(=O)c1ccc2[nH]cnc2c1","Preclinic & Market","True"
"c1ccc(SC2=S=Nn3c2nc2ccccc23)cc1","Preclinic & Market","True"
"O=S(=O)(O[C@@H](CNCc1ccccc1)c1ccccc1)c1ccccc1","Preclinic & Market","True"
"N=[S@](=O)(Cc1cccc(Nc2ncnc(-c3ccccc3)n2)c1)C1CC1","Preclinic & Market","True"
"O=c1ccn(/C=C\COC(c2ccccc2)(c2ccccc2)c2ccccc2)c(=O)[nH]1","Preclinic & Market","True"
"O=S(=O)(Cc1ccccc1)C(CCCc1ccccc1)S(=O)(=O)Cc1ccccc1","Preclinic & Market","True"
"O=C1CC=C([C@@H](c2ccccc2)c2cccnc2)C=N1","Preclinic & Market","True"
"O=S1(=O)Oc2ccccc2N=C2C1=CC=CN2CCc1ccc(OCc2ccccc2)cc1","Preclinic & Market","True"
"O=C(NCc1ccc(S(=O)(=O)c2ccccc2)cc1)c1cnc2nccn2c1","Preclinic & Market","True"
"O=S(=O)(c1ccccc1)c1cc(Oc2ccccc2)ccc1OCCO[C@@H]1CCCCO1","Preclinic & Market","True"
"C1=C(COc2ccccc2)NC(c2ccccc2)O1","Preclinic & Market","True"
"C(#CC1CCCCC1)c1ccc(N2Cc3ccccc3C=C2c2ccsc2)cc1","Preclinic & Market","True"
"c1ccc([Te]CCNCC[Te]c2ccccc2)cc1","Preclinic & Market","True"
"O=S(=O)(c1ccccc1)c1ccc(C2=NN3C(c4ccccc4)=CS[C@H]3N2)cc1","Preclinic & Market","True"
"N=C(C1=NOCCO1)c1ccccc1CON=Cc1ccccc1","Preclinic & Market","True"
"O=C1CC2CC[C@@]1(S(=O)(=O)N(c1ccccc1)c1ccnc3ccccc13)C2","Preclinic & Market","True"
"O=C1C=C(N2CC2)C(=O)C(COc2ccccc2)=C1N1CC1","Preclinic & Market","True"
"N=C1C=C(C#Cc2ccccn2)CCC1","Preclinic & Market","True"
"O=C1CCCC=C1C(=S)Nc1ccccc1","Preclinic & Market","True"
"c1cc(CCO[C@@H]2CCCC[C@H]2N2CCOCC2)c2ccsc2c1","Preclinic & Market","True"
"C(NC1CCCCC1)=C(c1ccccc1)c1ccccc1","Preclinic & Market","True"
"O=C1/C(=C/c2ncc[nH]2)CCC/C1=C\c1ncc[nH]1","Preclinic & Market","True"
"c1coc(NC2CCCCC2)n1","Preclinic & Market","True"
"C1CCC(Nc2nc(C3CCC3)no2)CC1","Preclinic & Market","True"
"c1ccc(CC2COC(C3CCCCC3)OC2)cc1","Preclinic & Market","True"
"c1ncc([C@@H]2CCOCO2)cn1","Preclinic & Market","True"
"O=c1ccoc([C@@H](Nc2nccs2)c2ccccc2)c1","Preclinic & Market","True"
"O=c1ccoc(C2CCCCC2)c1[SH]1C=CC=C1","Preclinic & Market","True"
"O=C(NCc1nc2ccccc2[nH]1)C1=C[C@@H](C2CCCCC2)C[C@@H](OCc2ccccc2)O1","Preclinic & Market","True"
"S=c1nccc[nH]1","Preclinic & Market","True"
"O=c1nc(/N=C/N(c2ccccc2)c2ccccc2)ccn1C1CSCO1","Preclinic & Market","True"
"O=c1cc[nH]c(=O)[nH]1","Preclinic & Market","True"
"O=C1C=C(c2c[nH]c(=O)[nH]c2=O)C(=O)N1","Preclinic & Market","True"
"O=c1c(Oc2ccccc2)ccnn1C1=Nc2ccccc2Oc2ccccc21","Preclinic & Market","True"
"c1cnc([C@@H]2CNCCO2)cn1","Preclinic & Market","True"
"c1cnc(SC2CN3CCC2C3)cn1","Preclinic & Market","True"
"O=S(=O)(Cc1ccccc1)NCc1cnc(-c2ccccc2)cn1","Preclinic & Market","True"
"O=C1NCCN=C1C=Cc1ccccc1","Preclinic & Market","True"
"O=c1c(Nc2ccc3c(c2)COC3)nccn1CC1CC1","Preclinic & Market","True"
"O=C(CSc1nccn(-c2ccccc2)c1=O)NCc1ccccc1","Preclinic & Market","True"
"c1cc(CCN2CCNCC2)ccn1","Preclinic & Market","True"
"O=C(N1CCNCC1)n1cccn1","Preclinic & Market","True"
"c1c[nH]c(CN2CCNCC2)n1","Preclinic & Market","True"
"c1nnc2nnc(N3CCNCC3)nn12","Preclinic & Market","True"
"c1cncc(OC[C@H]2CNCCN2c2nc3ncccc3o2)c1","Preclinic & Market","True"
"c1cc(N2CCNCC2)sn1","Preclinic & Market","True"
"c1nnc(CN2CCNCC2)s1","Preclinic & Market","True"
"c1cncc(CN2CCN(c3ncon3)CC2)c1","Preclinic & Market","True"
"C1=CC2C(CN3CCN(c4ccccc4)CC3)C=NN2C=C1","Preclinic & Market","True"
"C(=N/CCCN1CCN(CCC/N=C/c2ccco2)CC1)\c1ccco1","Preclinic & Market","True"
"O=C(CCCN1CCN(c2cccc3ccoc23)CC1)c1ccccc1","Preclinic & Market","True"
"O=C(CSc1nc(=O)n2ccccc2n1)N1CCNCC1","Preclinic & Market","True"
"O=c1c2ccccc2nnn1OCCN1CCN(c2cccc3ccccc23)CC1","Preclinic & Market","True"
"c1nc2c(nc1N1CCNCC1)CCNC2","Preclinic & Market","True"
"C1=NC(CNCCCN2CCN(CCC/N=c3\cc[nH]c4ccccc34)CC2)N=C1","Preclinic & Market","True"
"C(#Cc1cncnc1)CN1CCNCC1","Preclinic & Market","True"
"O=C(NN1CCN(c2ncncn2)CC1)C1c2ccccc2CCc2ccccc21","Preclinic & Market","True"
"c1cc(-c2ccoc2)nc(N2CCNCC2)n1","Preclinic & Market","True"
"C(#Cc1ncncc1-c1ccccc1)c1cncnc1","Preclinic & Market","True"
"c1ccc(CCNCCc2ccnc(-n3ccnc3)n2)cc1","Preclinic & Market","True"
"O=C1C=CC(=O)N1Nc1ncc(-c2ccno2)cn1","Preclinic & Market","True"
"c1csc(CCNc2ncc(-c3nnco3)cn2)c1","Preclinic & Market","True"
"c1cnc(COc2nccc(Nc3cc[nH]n3)n2)nc1","Preclinic & Market","True"
"O=C1CCC(C(=O)NCc2cnc(-c3ccncc3)nc2)=NN1","Preclinic & Market","True"
"C1=NN=N[C@@H]1c1cnc(Nc2ccccc2)nc1Nc1ccccc1","Preclinic & Market","True"
"O=C(Nc1nccc(/C=C2\NC=CS2)n1)C1CCNCC1","Preclinic & Market","True"
"O=c1cc(-c2ccncn2)nc(O[C@H]2C[C@H]3CC[C@@H](C2)N3)[nH]1","Preclinic & Market","True"
"O=C(CSc1nccc(=O)[nH]1)C12CC3CC(CC(C3)C1)C2","Preclinic & Market","True"
"O=c1cc(SCc2ccccc2)nc(C2CCCCC2)[nH]1","Preclinic & Market","True"
"O=C(Nc1ccccc1)NS(=O)(=O)c1nc(=O)cc[nH]1","Preclinic & Market","True"
"O=C1NC(=O)C(c2nccc3c2[nH]c2ccccc23)C(=O)N1","Preclinic & Market","True"
"S=C1SCNCN1Cc1ccccc1","Preclinic & Market","True"
"c1ccc(CNC2=NN=C(c3ccccc3)CS2)cc1","Preclinic & Market","True"
"O=C1OCCC(=CNCc2cccnc2)S1","Preclinic & Market","True"
"c1cncc(CSCc2nnco2)c1","Preclinic & Market","True"
"O=c1[nH]ncn1Nc1ccccn1","Preclinic & Market","True"
"c1ccc(NN=C2CCCCC2)nc1","Preclinic & Market","True"
"O=C(NCc1ccncc1)c1csnn1","Preclinic & Market","True"
"N=C(NCCN1CCOCC1)c1ccnc(Oc2ccccc2)c1","Preclinic & Market","True"
"c1ccc(Sc2ncccc2OCCCc2ccccn2)cc1","Preclinic & Market","True"
"c1cncc(O[Si](Oc2cccnc2)(Oc2cccnc2)Oc2cccnc2)c1","Preclinic & Market","True"
"C=C1C(CS(=O)c2ccccc2)=NC=CC1C1CCCCC1","Preclinic & Market","True"
"C=C1C=NC(c2ccccc2)=C[C@@H]1C#Cc1ccccc1","Preclinic & Market","True"
"O=C1SC(=S)NC1=C1C=CN(Cc2ccco2)C=C1","Preclinic & Market","True"
"C1=C[C@H](c2ccco2)C=C(SCc2ccccc2)N1","Preclinic & Market","True"
"O=C(OCc1ccccc1)n1ccc(=O)c(Cc2ccccc2)c1","Preclinic & Market","True"
"O=c1ccccn1Cc1cnc[nH]1","Preclinic & Market","True"
"O=C(NCc1ccc2c(c1)CCC2)NCc1ccc[nH]c1=O","Preclinic & Market","True"
"O=c1cc(Sc2ccccc2)c(CSCc2cccs2)c[nH]1","Preclinic & Market","True"
"O=c1cc(-c2ccccc2)cc(-c2ccccc2)n1NS(=O)(=O)c1ccccc1","Preclinic & Market","True"
"O=C1C=C(Sc2ccccc2)[C@H](COCc2ccccc2)C(=S)N1","Preclinic & Market","True"
"O=C([C@@H]1CC=NO1)N1CCC(Cc2n[nH]c(=O)[nH]2)CC1","Preclinic & Market","True"
"c1ccc(NC2CCN(CCn3ncnn3)CC2)cc1","Preclinic & Market","True"
"N=C1/C(=C/c2cnccn2)CNC/C1=C\c1cnccn1","Preclinic & Market","True"
"c1ccc(C2CC(=NN=C3CC(c4ccccc4)NC(c4ccccc4)C3)CC(c3ccccc3)N2)cc1","Preclinic & Market","True"
"O=[S@]1CC=CCN1S(=O)(=O)c1ccccc1","Preclinic & Market","True"
"O=C1CCS/C(=N\c2ccccc2)N1","Preclinic & Market","True"
"O=c1ccocn1","Preclinic & Market","True"
"O=S1(=O)N=C(OCc2ccccc2)C=CO1","Preclinic & Market","True"
"O=C1C=COS(=O)(=O)N1Cc1ccccc1","Preclinic & Market","True"
"O=S1(=O)COC[C@@H](COCc2ccc3ccccc3c2)N1","Preclinic & Market","True"
"O=S1(=O)CCOC(NCc2ccccc2)=N1","Preclinic & Market","True"
"c1nncc(-c2cnncn2)n1","Preclinic & Market","True"
"C(=C/c1cnncn1)\NOCc1ccccc1","Preclinic & Market","True"
"C1=NN=C/C(=C\[C@H](Sc2ccccc2)c2cccs2)N1","Preclinic & Market","True"
"S=c1cn[nH]c(=S)[nH]1","Preclinic & Market","True"
"O=c1[nH]c(=S)[nH]nc1/C=C/c1cccc2ccccc12","Preclinic & Market","True"
"c1nc(NC2CCCCC2)nc(N2CCCC2)n1","Preclinic & Market","True"
"c1cnnc(Oc2ncnc(N3CCOCC3)n2)c1","Preclinic & Market","True"
"C(=C/c1cccs1)\c1ncnc(-c2ccccc2)n1","Preclinic & Market","True"
"c1ncnc(Oc2ncncn2)n1","Preclinic & Market","True"
"c1cc(Sc2ncncn2)ncn1","Preclinic & Market","True"
"c1ccc(Nc2ncnc(CN3CCc4ccccc4C3)n2)cc1","Preclinic & Market","True"
"c1ccc(Nc2ncnc(Oc3cccc4ccccc34)n2)cc1","Preclinic & Market","True"
"S=C(Nc1ccccc1)Sc1nc(Nc2ccccc2)nc(Nc2ccccc2)n1","Preclinic & Market","True"
"C(=N/N=C1\CC2CCC1C2)\c1ccccc1","Preclinic & Market","True"
"O=C1C[C@@H]2N1CC(/C=C/c1nnco1)S2(=O)=O","Preclinic & Market","True"
"O=S1(=O)OCCOS(=O)(=O)C1Cc1ccccc1","Preclinic & Market","True"
"c1cc2sccc2s1","Preclinic & Market","True"
"c1cc2ccsc2o1","Preclinic & Market","True"
"O=S1(=O)CC[C@H](Cc2nn3cnnc3s2)C1","Preclinic & Market","True"
"C(=C1/Nn2c(COc3ccccc3)nnc2S1)\c1ccccc1","Preclinic & Market","True"
"N=C1O/C(=N\c2ccccc2)C2CC=NN12","Preclinic & Market","True"
"c1nc(COC[C@@]23CCC[C@@H]2CN(CC2CCOCC2)C3)cs1","Preclinic & Market","True"
"O=C1C=CC(=O)c2sccc21","Preclinic & Market","True"
"O=S(=O)(O/N=C1/CCCc2occc21)c1ccccc1","Preclinic & Market","True"
"O=c1oc2cc(OCCCOc3ccccc3)ccc2s1","Preclinic & Market","True"
"c1ccc(Cc2cnn3cnnc3c2)cc1","Preclinic & Market","True"
"O=c1[nH]ncc2cn[nH]c12","Preclinic & Market","True"
"O=c1[nH]c(=O)c2nc(/N=N/Nc3ccccc3)[nH]c2[nH]1","Preclinic & Market","True"
"C1=Nc2ncnn2[C@@H](c2ccco2)C1=COCc1ccccc1","Preclinic & Market","True"
"O=c1[nH]c(CNCCOc2ccccc2)nc2[nH]ncc12","Preclinic & Market","True"
"c1ncc2[nH]cnc2n1","Preclinic & Market","True"
"c1ccc(C2=Nn3cnnc3S[C@H]2c2ccccc2)cc1","Preclinic & Market","True"
"c1csc(CNc2cnc3nonc3n2)n1","Preclinic & Market","True"
"O=C1C(CS(=O)(=O)Nc2ccccc2)=NC(=O)n2cccc21","Preclinic & Market","True"
"C1=CC(NCc2ccccc2)=C2NC=CN2C1","Preclinic & Market","True"
"C1=CC(c2ccc3[nH]nc(SCc4ccccc4)c3c2)CC=N1","Preclinic & Market","True"
"c1ccn2nccc2c1","Preclinic & Market","True"
"c1ccc(Nc2nc3ccccc3n2Oc2ccccc2)cc1","Preclinic & Market","True"
"N=C1C=Cc2[nH]c(-c3ccccc3)nc2C1=O","Preclinic & Market","True"
"c1ccc(N2CNc3ccccc32)cc1","Preclinic & Market","True"
"O=S1(=O)CCN2C=C(c3c[nH]c4ccccc34)SC2=N1","Preclinic & Market","True"
"O=S(=O)(c1ccccc1)N1Bc2ccsc2C=N1","Preclinic & Market","True"
"O=C(c1ccco1)c1ncnc2ccsc12","Preclinic & Market","True"
"c1ccc2nsnc2c1","Preclinic & Market","True"
"C1=C[C@H](c2ccccc2)c2cnoc2N1","Preclinic & Market","True"
"c1ccc2nonc2c1","Preclinic & Market","True"
"C1=C[C@@H](c2ccsc2)c2c[nH]nc2O1","Preclinic & Market","True"
"O=C(CSc1ccccc1)Nc1occ2cnncc12","Preclinic & Market","True"
"N=C1c2ccccc2CN1NC(=O)c1ccccc1","Preclinic & Market","True"
"O=C1c2ccccc2[C@](OCCc2ccccn2)(c2ccccc2)N1Cc1ccccc1","Preclinic & Market","True"
"c1ccc2c(SCC/N=C3\CCCN3)c[nH]c2c1","Preclinic & Market","True"
"O=c1ccc(S(=O)(=O)c2cc3ccccc3[nH]2)n[nH]1","Preclinic & Market","True"
"O=S(=O)(C1CCCCC1)n1ccc2ccccc21","Preclinic & Market","True"
"O=C(CCn1ccc2ccccc21)Nc1[nH]nc2c1CSC2","Preclinic & Market","True"
"O=C1C=C(NCCc2ccccc2)C(=O)c2c1ccn2S(=O)(=O)c1ccccc1","Preclinic & Market","True"
"O=S1(=O)N=[S@](c2ccccc2)c2ccccc21","Preclinic & Market","True"
"c1cnc2sccc2c1","Preclinic & Market","True"
"O=C1C=CC(=O)c2ocnc21","Preclinic & Market","True"
"O=C(CC1=Nn2cnnc2NC1)c1ccccc1","Preclinic & Market","True"
"O=C(c1ccccc1)c1c[nH]c2nncc-2c1Oc1ccccc1","Preclinic & Market","True"
"c1cncc(-c2cnc3c(c2)[C@@H](c2nc4ccccc4[nH]2)N=N3)c1","Preclinic & Market","True"
"c1nc2[nH]ncc2cc1B1OCOCO1","Preclinic & Market","True"
"C=C1CCCC[C@H]1CC/C=C/Cc1ncn2c1CCNC2=O","Preclinic & Market","True"
"c1cc(Nc2cnc3[nH]ccc3n2)on1","Preclinic & Market","True"
"O=C(Cc1ccccc1)/N=c1/nc2ncccn2s1","Preclinic & Market","True"
"S=c1sc2cncnc2n1Cc1ccccc1","Preclinic & Market","True"
"O=S1(=O)C=NNc2c1ccn2Cc1ccccn1","Preclinic & Market","True"
"N=c1ncnc2n1C(Nc1ccccc1)CS2","Preclinic & Market","True"
"O=c1/c(=C/c2ccco2)sc2n1CN(c1ccccc1)CN=2","Preclinic & Market","True"
"O=C1NC2SC=NN2C(=O)C1Cc1ccccc1","Preclinic & Market","True"
"O=c1ccnc2sc(Oc3ccccc3)nn12","Preclinic & Market","True"
"C1=Nc2[nH]ncc2[C@H](c2cn[nH]c2)S1","Preclinic & Market","True"
"S=c1scnc2[nH]ncc12","Preclinic & Market","True"
"S=c1nc(C23CC4CC(CC(C4)C2)C3)nc2sccn12","Preclinic & Market","True"
"O=C(NC(=S)Nn1cnnc1)C12CC3CC(CC(C3)C1)C2","Preclinic & Market","True"
"O=C(NCCOc1cnon1)C12CC3CC(CC(C3)C1)C2","Preclinic & Market","True"
"S=C(NCCN1CCOCC1)Nc1cccc2ccccc12","Preclinic & Market","True"
"O=S(=O)(Oc1nccs1)c1ccc2c(-c3ccccc3)cccc2c1","Preclinic & Market","True"
"c1ccc([C@@H](Cc2nccc3occc23)c2ccc3ccccc3c2)cc1","Preclinic & Market","True"
"C1=Cc2ccccc2SC1","Preclinic & Market","True"
"O=c1c(SC(=S)N2CCCCC2)coc2ccccc12","Preclinic & Market","True"
"O=C(N/N=C1/C[C@@H](c2ccccc2)Oc2ccccc21)C1CC1","Preclinic & Market","True"
"c1ccc(/N=c2/ccc3ccccc3o2)cc1","Preclinic & Market","True"
"O=S(=O)(CCC1OCCO1)c1cnc2ccccc2n1","Preclinic & Market","True"
"C(=N/N=c1/[nH][nH]/c(=N/N=C/c2ccccc2)c2ccccc12)\c1ccccc1","Preclinic & Market","True"
"C1=Nc2ccccc2C(c2ccccc2)(c2ccccc2)N1","Preclinic & Market","True"
"c1ccc(N2Cc3ccccc3N=C2n2cncn2)cc1","Preclinic & Market","True"
"O=C(CCc1ccccc1)On1c(-c2ccccc2)nc2ccccc2c1=S","Preclinic & Market","True"
"O=[SH]1=c2ccccc2=NC=N1","Preclinic & Market","True"
"O=c1c2c(on1Cc1ccccc1)CCNCC2","Preclinic & Market","True"
"N=C(Nc1nccs1)Nc1cccc2cnccc12","Preclinic & Market","True"
"c1ccc2nc(NCc3ccon3)ccc2c1","Preclinic & Market","True"
"c1nnc([C@@H]2CCO[C@@H]3CCNC[C@@H]32)o1","Preclinic & Market","True"
"c1ccc(OCC2=Nc3cnccc3NC2)cc1","Preclinic & Market","True"
"O=C(Nc1ccccc1)N1N=C2C=CC=CC2CN1","Preclinic & Market","True"
"O=c1[nH]c2nc(NC3CCOCC3)ncc2cc1Sc1ccccc1","Preclinic & Market","True"
"C1=Nc2cncnc2C(c2ccccc2)=N[C@H]1c1cccs1","Preclinic & Market","True"
"C1=CC2=NC=NC2C=C1","Preclinic & Market","True"
"O=C1C[C@H]2CC=CN12","Preclinic & Market","True"
"C1=C2CC[C@@H]3[C@H](CCC4CCC[C@H]43)[C@H]2CCC1","Preclinic & Market","True"
"O=[PH]1NCCCO1","Preclinic & Market","True"
"O=C1C=CC(OC(=O)C2CC2)C1","Preclinic & Market","True"
"S=C1CNc2ccccc2N1","Preclinic & Market","True"
"C1CCC(C2CCCCC2)CC1","Preclinic & Market","True"
"C1=NC2N=CN=C(N3CC[C@@]4(CCN4)C3)C2=C1","Preclinic & Market","True"
"O=c1ccc2ccccc2n1OCC1CC1","Preclinic & Market","True"
"c1ccc(C2=Nc3cn[nH]c3Nc3ccccc32)cc1","Preclinic & Market","True"
"C=C1C=NCSC1","Preclinic & Market","True"
"C1CC[C@@H]2NCC[C@@H]2C1","Preclinic & Market","True"
"C1=CC2=C(c3ncccn3)C=NC2N=C1","Preclinic & Market","True"
"B1CCc2ccccc2O1","Preclinic & Market","True"
"c1cnc2c(C3=NC(N4CCOCC4)SC3)cnn2c1","Preclinic & Market","True"
"O=C(Nc1ccccc1)N[C@H]1N=C(c2ccccc2)c2ccccc2NC1=O","Preclinic & Market","True"
"O=S(=O)(C1=C2C=CC=C[C@@H]2N=N1)c1cccc2ccccc12","Preclinic & Market","True"
"C1CC[C@]2(CO2)[C@@H](C2CO2)C1","Preclinic & Market","True"
"C1=CC2=C(Cn3ncc4c(Oc5ccccc5)cccc43)N=N[C@H]2N=C1","Preclinic & Market","True"
"C1=CC2N=c3ccccc3=C2C(OCCCNCCOc2ccccc2)=C1","Preclinic & Market","True"
"O=C1C=CC2C(=C1)CC[C@@H]1[C@@H]2CCC2C3N=CO[C@@H]3C[C@H]21","Preclinic & Market","True"
"C1=CC2C=C(Oc3ncnn4cccc34)C=CC2=N1","Preclinic & Market","True"
"C1=COCCC1","Preclinic & Market","True"
"O=[P@]1(COc2ccc(Cc3ccccc3)cc2)OCC[C@@H](c2ccccc2)O1","Preclinic & Market","True"
"O=C(CSC1CCCCC1)O[C@@H]1CCCC[C@@]23CCCC1[C@@H]2C(=O)CC3","Preclinic & Market","True"
"O=c1c2cc(NS(=O)(=O)NC[C@@H]3COCCO3)ccc2ccc2ncc(-c3cn[nH]c3)cc12","Preclinic & Market","True"
"C1=CC2=C3N=C(NC4=C5C=CC=CC5C(=N4)NC4=C5C=CC=CC5C(=N4)NC4=C5C=CC=CC5C(=N4)N3)C2C=C1","Preclinic & Market","True"
